{
"type": "FeatureCollection",
"name": "west_bengal_districts",
"crs": { "type": "name", "properties": { "name": "urn:ogc:def:crs:OGC:1.3:CRS84" } },
"features": [
{ "type": "Feature", "properties": { "id": null, "dt_code": "343", "district": "South 24 Parganas", "st_nm": "West Bengal", "st_code": "19", "year": "2011_c" }, "geometry": { "type": "MultiPolygon", "coordinates": [ [ [ [ 88.050860718549245, 21.509059587512262 ], [ 88.044925805155742, 21.508397493104045 ], [ 88.049541848906244, 21.516342626002654 ], [ 88.050860718549245, 21.509059587512262 ] ] ], [ [ [ 88.061081958282514, 21.508066445899935 ], [ 88.073281502480285, 21.531239750187545 ], [ 88.074930089534035, 21.517004720410871 ], [ 88.061081958282514, 21.508066445899935 ] ] ], [ [ [ 88.236491620801829, 21.486879424836978 ], [ 88.22758925071156, 21.4839 ], [ 88.205498184191271, 21.503431785042412 ], [ 88.21571942392454, 21.540509071902591 ], [ 88.22758925071156, 21.538522788677938 ], [ 88.242756251606096, 21.505087021062955 ], [ 88.236491620801829, 21.486879424836978 ] ] ], [ [ [ 88.590278402537209, 21.555406196087482 ], [ 88.585662358786706, 21.562689234577874 ], [ 88.59357557664471, 21.56633075382307 ], [ 88.590278402537209, 21.555406196087482 ] ] ], [ [ [ 88.333758256973255, 21.54282640233135 ], [ 88.339693170366758, 21.572951697905243 ], [ 88.341341757420508, 21.557723526516241 ], [ 88.333758256973255, 21.54282640233135 ] ] ], [ [ [ 88.601159077091978, 21.578910547579202 ], [ 88.594894446287725, 21.582552066824398 ], [ 88.600829359681228, 21.584869397253158 ], [ 88.601159077091978, 21.578910547579202 ] ] ], [ [ [ 88.083502742213554, 21.572289603497026 ], [ 88.077567828820037, 21.573944839517569 ], [ 88.075919241766286, 21.588179869294244 ], [ 88.083502742213554, 21.572289603497026 ] ] ], [ [ [ 89.130355521346672, 21.590166152518897 ], [ 89.13694986956169, 21.588510916498354 ], [ 89.123101738310169, 21.585862538865484 ], [ 89.130355521346672, 21.590166152518897 ] ] ], [ [ [ 88.090426807839322, 21.584869397253158 ], [ 88.082183872570553, 21.587186727681917 ], [ 88.083502742213554, 21.59248348294766 ], [ 88.090426807839322, 21.584869397253158 ] ] ], [ [ [ 88.359146497601046, 21.567654942639503 ], [ 88.343979496706524, 21.582221019620288 ], [ 88.344638931528024, 21.593145577355877 ], [ 88.359146497601046, 21.567654942639503 ] ] ], [ [ [ 88.038661174351475, 21.577917405966875 ], [ 88.047893261852494, 21.581227878007962 ], [ 88.054487610067497, 21.550440488025853 ], [ 88.044266370334228, 21.56864808425183 ], [ 88.037012587297724, 21.54580582716833 ], [ 88.025472477921454, 21.562027140169658 ], [ 88.015910673009685, 21.531901844595762 ], [ 87.991841302024895, 21.513032153961564 ], [ 88.016570107831186, 21.595462907784636 ], [ 88.038661174351475, 21.577917405966875 ] ] ], [ [ [ 88.197914683744003, 21.542164307923134 ], [ 88.172856160526962, 21.553419912862829 ], [ 88.163624073025943, 21.597449191009289 ], [ 88.189342031064498, 21.578248453170982 ], [ 88.197914683744003, 21.542164307923134 ] ] ], [ [ [ 88.519389159225838, 21.586524633273701 ], [ 88.53488587753111, 21.578248453170982 ], [ 88.543458530210629, 21.531239750187545 ], [ 88.510157071724819, 21.532563939003982 ], [ 88.485757983329279, 21.558054573720351 ], [ 88.496638657884048, 21.597780238213399 ], [ 88.519389159225838, 21.586524633273701 ] ] ], [ [ [ 88.837896178010908, 21.605063276703788 ], [ 88.892629268195506, 21.581558925212072 ], [ 88.904499094982526, 21.547461063188873 ], [ 88.869878766853716, 21.532232891799872 ], [ 88.833280134260391, 21.553419912862829 ], [ 88.82965324274214, 21.605394323907898 ], [ 88.837896178010908, 21.605063276703788 ] ] ], [ [ [ 88.079216415873802, 21.607711654336658 ], [ 88.074270654712535, 21.613339456806507 ], [ 88.077567828820037, 21.621615636909226 ], [ 88.079216415873802, 21.607711654336658 ] ] ], [ [ [ 88.773601282914541, 21.632871241848921 ], [ 88.789757436041313, 21.604732229499682 ], [ 88.785141392290811, 21.59480081337642 ], [ 88.798330088720832, 21.595462907784636 ], [ 88.793054610148829, 21.582552066824398 ], [ 88.753818238269503, 21.564013423394307 ], [ 88.712273844514925, 21.578579500375092 ], [ 88.705679496299922, 21.600097568642159 ], [ 88.718538475319193, 21.635850666685901 ], [ 88.730408302106213, 21.630553911420161 ], [ 88.732056889159963, 21.64081637474753 ], [ 88.770633826217789, 21.652071979687229 ], [ 88.773601282914541, 21.632871241848921 ] ] ], [ [ [ 88.584673206554456, 21.601421757458596 ], [ 88.565879314141668, 21.563020281781981 ], [ 88.549063726193381, 21.565006565006634 ], [ 88.531588703423608, 21.597449191009289 ], [ 88.513454245832321, 21.598773379825722 ], [ 88.521367463690339, 21.651409885279012 ], [ 88.584673206554456, 21.601421757458596 ] ] ], [ [ [ 88.960880772220875, 21.642140563563967 ], [ 88.983301556151915, 21.64147846915575 ], [ 88.965167098560627, 21.648099413237922 ], [ 88.947032640969354, 21.703384296324078 ], [ 88.924941574449065, 21.720598750937732 ], [ 88.927249596324316, 21.763634887471866 ], [ 88.966485968203628, 21.740792630388366 ], [ 88.977696360169148, 21.741785772000689 ], [ 88.965826533382128, 21.722916081366495 ], [ 88.987587882491667, 21.69080450256795 ], [ 88.984620425794915, 21.659355018177621 ], [ 89.013965275351723, 21.652071979687229 ], [ 89.020229906155976, 21.599104427029832 ], [ 88.993852513295934, 21.601090710254486 ], [ 88.990225621777682, 21.639161138726987 ], [ 88.985939295437916, 21.64081637474753 ], [ 88.990225621777682, 21.619629353684573 ], [ 88.969123707489643, 21.619298306480466 ], [ 88.940108575343586, 21.64081637474753 ], [ 88.951318967309106, 21.673921095158402 ], [ 88.960880772220875, 21.642140563563967 ] ] ], [ [ [ 88.634460535577787, 21.651078838074902 ], [ 88.627206752541269, 21.658361876565294 ], [ 88.641054883792805, 21.678555756015925 ], [ 88.634460535577787, 21.651078838074902 ] ] ], [ [ [ 87.950296908270317, 21.59215243574355 ], [ 87.9443619948768, 21.598442332621616 ], [ 87.96777193104009, 21.633202289053031 ], [ 87.974036561844358, 21.682197275261121 ], [ 87.985906388631378, 21.686831936118644 ], [ 87.990192714971144, 21.622939825725659 ], [ 87.950296908270317, 21.59215243574355 ] ] ], [ [ [ 88.60511568602098, 21.61499469282705 ], [ 88.559614683337401, 21.64147846915575 ], [ 88.573792531999686, 21.688818219343297 ], [ 88.60511568602098, 21.61499469282705 ] ] ], [ [ [ 87.980630910059375, 21.691797644180273 ], [ 87.978982323005624, 21.702391154711755 ], [ 87.986895540863628, 21.699080682670665 ], [ 87.980630910059375, 21.691797644180273 ] ] ], [ [ [ 87.907103927461989, 21.686831936118644 ], [ 87.902158166300737, 21.686831936118644 ], [ 87.90809307969424, 21.704046390732298 ], [ 87.907103927461989, 21.686831936118644 ] ] ], [ [ [ 88.320569560543234, 21.607049559928441 ], [ 88.308699733756214, 21.607049559928441 ], [ 88.305072842237948, 21.62095354250101 ], [ 88.315623799381967, 21.656044546136531 ], [ 88.311996907863715, 21.706694768365168 ], [ 88.337714865902257, 21.697756493854232 ], [ 88.349254975278527, 21.680210992036468 ], [ 88.343320061885024, 21.630553911420161 ], [ 88.320569560543234, 21.607049559928441 ] ] ], [ [ [ 88.205827901602021, 21.671603764729642 ], [ 88.224951511425559, 21.665975962259793 ], [ 88.22725953330081, 21.652734074095445 ], [ 88.212092532406288, 21.595793954988746 ], [ 88.179780226152729, 21.671272717525532 ], [ 88.18175853061723, 21.686169841710427 ], [ 88.207146771245021, 21.709012098793927 ], [ 88.193628357404251, 21.684183558485774 ], [ 88.205827901602021, 21.671603764729642 ] ] ], [ [ [ 87.95623182166382, 21.705039532344625 ], [ 87.947329451573566, 21.704377437936405 ], [ 87.952275212734818, 21.711660476426797 ], [ 87.95623182166382, 21.705039532344625 ] ] ], [ [ [ 88.542139660567628, 21.701066965895318 ], [ 88.562582140034166, 21.702060107507645 ], [ 88.565879314141668, 21.676900519995382 ], [ 88.54642598690738, 21.64081637474753 ], [ 88.530269833780608, 21.656044546136531 ], [ 88.521697181101089, 21.71662618448843 ], [ 88.542139660567628, 21.701066965895318 ] ] ], [ [ [ 88.739970107017982, 21.657699782157078 ], [ 88.744586150768484, 21.650747790870792 ], [ 88.726121975766461, 21.64379579958451 ], [ 88.686226169065634, 21.678224708811818 ], [ 88.690512495405386, 21.717619326100756 ], [ 88.710295540050424, 21.674583189566622 ], [ 88.739970107017982, 21.657699782157078 ] ] ], [ [ [ 87.928205841750028, 21.689149266547403 ], [ 87.923260080588761, 21.709674193202144 ], [ 87.940735103358548, 21.723578175774712 ], [ 87.928205841750028, 21.689149266547403 ] ] ], [ [ [ 88.183407117670981, 21.694446021813143 ], [ 88.200222705619268, 21.723578175774712 ], [ 88.200882140440768, 21.710336287610364 ], [ 88.183407117670981, 21.694446021813143 ] ] ], [ [ [ 89.006711492315205, 21.659355018177621 ], [ 88.991214774009933, 21.658692923769401 ], [ 88.991544491420683, 21.700404871487102 ], [ 88.975388338293897, 21.723909222978818 ], [ 89.008360079368956, 21.708681051589821 ], [ 89.016273297226974, 21.685507747302207 ], [ 89.006711492315205, 21.659355018177621 ] ] ], [ [ [ 87.984917236399127, 21.721922939754169 ], [ 87.97832288818411, 21.724240270182928 ], [ 87.986565823452878, 21.730199119856884 ], [ 87.984917236399127, 21.721922939754169 ] ] ], [ [ [ 87.954253517199319, 21.731192261469211 ], [ 87.947659168984316, 21.729868072652778 ], [ 87.959858713182086, 21.73979948877604 ], [ 87.954253517199319, 21.731192261469211 ] ] ], [ [ [ 88.920325530698548, 21.631216005828378 ], [ 88.891640115963256, 21.651078838074902 ], [ 88.867241027567701, 21.701066965895318 ], [ 88.882078311051487, 21.741123677592473 ], [ 88.936811401236085, 21.700735918691208 ], [ 88.920325530698548, 21.631216005828378 ] ] ], [ [ [ 88.406296087338376, 21.732847497489754 ], [ 88.420473936000661, 21.702722201915861 ], [ 88.409593261445892, 21.653727215707772 ], [ 88.43036545832318, 21.625588203358529 ], [ 88.399042304301872, 21.588841963702464 ], [ 88.386183325282602, 21.605394323907898 ], [ 88.396074847605107, 21.619298306480466 ], [ 88.386183325282602, 21.632209147440705 ], [ 88.382556433764336, 21.681204133648794 ], [ 88.403658348052375, 21.719936656529516 ], [ 88.370686606977316, 21.726226553407582 ], [ 88.390799369033104, 21.741785772000689 ], [ 88.406296087338376, 21.732847497489754 ] ] ], [ [ [ 88.201541575262269, 21.731192261469211 ], [ 88.197255248922502, 21.742116819204799 ], [ 88.20516846678052, 21.75999336822667 ], [ 88.201541575262269, 21.731192261469211 ] ] ], [ [ [ 88.371675759209566, 21.718281420508973 ], [ 88.390469651622354, 21.716957231692536 ], [ 88.392777673497605, 21.708018957181601 ], [ 88.362443671708547, 21.686500888914534 ], [ 88.342001192242023, 21.705701626752841 ], [ 88.347276670814026, 21.75966232102256 ], [ 88.366729998048314, 21.761979651451323 ], [ 88.359476215011796, 21.735164827918517 ], [ 88.371675759209566, 21.718281420508973 ] ] ], [ [ [ 88.837566460600158, 21.765952217900626 ], [ 88.861965548995698, 21.761317557043107 ], [ 88.839215047653909, 21.719274562121299 ], [ 88.856360353012931, 21.641809516359857 ], [ 88.838555612832408, 21.618967259276356 ], [ 88.804265002114349, 21.635519619481791 ], [ 88.821080590062621, 21.66730015107623 ], [ 88.816794263722869, 21.709012098793927 ], [ 88.803935284703599, 21.71629513728432 ], [ 88.767996086931774, 21.703384296324078 ], [ 88.791735740505814, 21.73648901673495 ], [ 88.789098001219813, 21.746420432858212 ], [ 88.837566460600158, 21.765952217900626 ] ] ], [ [ [ 88.384534738228837, 21.745427291245885 ], [ 88.363103106530048, 21.737813205551387 ], [ 88.372005476620316, 21.764628029084193 ], [ 88.385853607871852, 21.76032441543078 ], [ 88.384534738228837, 21.745427291245885 ] ] ], [ [ [ 87.942713407823049, 21.745758338449996 ], [ 87.93183273326828, 21.744434149633562 ], [ 87.956891256485335, 21.771580020370475 ], [ 87.957220973896085, 21.756682896185584 ], [ 87.942713407823049, 21.745758338449996 ] ] ], [ [ [ 88.301775668130446, 21.718943514917189 ], [ 88.28528979759291, 21.734833780714407 ], [ 88.291884145807927, 21.772242114778692 ], [ 88.301775668130446, 21.718943514917189 ] ] ], [ [ [ 87.881385969423448, 21.745427291245885 ], [ 87.880396817191198, 21.757676037797911 ], [ 87.901828448889972, 21.772242114778692 ], [ 87.881385969423448, 21.745427291245885 ] ] ], [ [ [ 88.594894446287725, 21.723247128570602 ], [ 88.58170574985769, 21.726888647815798 ], [ 88.575770836464187, 21.772573161982802 ], [ 88.59324585923396, 21.757344990593801 ], [ 88.588959532894208, 21.772242114778692 ], [ 88.595883598519976, 21.784821908534823 ], [ 88.613358621289748, 21.78581505014715 ], [ 88.625228448076768, 21.775552586819781 ], [ 88.629185057005785, 21.735495875122627 ], [ 88.609072294949996, 21.706363721161058 ], [ 88.600499642270478, 21.712984665243233 ], [ 88.619293534683266, 21.740461583184256 ], [ 88.597861902984477, 21.753041376940388 ], [ 88.613028903878998, 21.740130535980146 ], [ 88.594894446287725, 21.723247128570602 ] ] ], [ [ [ 88.125706570789632, 21.673590047954296 ], [ 88.136916962755151, 21.670279575913206 ], [ 88.146808485077671, 21.64379579958451 ], [ 88.120760809628365, 21.623932967337986 ], [ 88.047563544441743, 21.641809516359857 ], [ 88.033385695779458, 21.662996537422817 ], [ 88.032726260957958, 21.68749403052686 ], [ 88.072951785069534, 21.748075668878755 ], [ 88.073940937301785, 21.777207822840325 ], [ 88.091415960071572, 21.785484002943043 ], [ 88.121090527039115, 21.774228398003345 ], [ 88.130322614540134, 21.756682896185584 ], [ 88.120760809628365, 21.732516450285647 ], [ 88.1346089408799, 21.706363721161058 ], [ 88.128014592664883, 21.681204133648794 ], [ 88.142192441327154, 21.698749635466559 ], [ 88.128014592664883, 21.730530167060994 ], [ 88.136257527933651, 21.75999336822667 ], [ 88.11152872212736, 21.790449711004673 ], [ 88.084162177035054, 21.792435994229326 ], [ 88.103945221680092, 21.842093074845632 ], [ 88.132960353826149, 21.873542559235961 ], [ 88.165932094901208, 21.822892337007328 ], [ 88.170877856062461, 21.737813205551387 ], [ 88.149116506952922, 21.680542039240578 ], [ 88.136587245344401, 21.677893661607708 ], [ 88.127684875254133, 21.680873086444688 ], [ 88.125706570789632, 21.673590047954296 ] ] ], [ [ [ 88.275398275270391, 21.778863058860868 ], [ 88.267814774823137, 21.787801333371803 ], [ 88.279354884199407, 21.785484002943043 ], [ 88.275398275270391, 21.778863058860868 ] ] ], [ [ [ 88.450148502968204, 21.791442852616999 ], [ 88.467953243148742, 21.789787616596456 ], [ 88.45377539448647, 21.75999336822667 ], [ 88.451467372611205, 21.718943514917189 ], [ 88.470590982434743, 21.674583189566622 ], [ 88.45278624225422, 21.611022126377748 ], [ 88.432014045376931, 21.601090710254486 ], [ 88.438278676181184, 21.629229722603725 ], [ 88.417506479303896, 21.657699782157078 ], [ 88.421133370822162, 21.688818219343297 ], [ 88.433332915019932, 21.700735918691208 ], [ 88.424100827518913, 21.752710329736278 ], [ 88.450148502968204, 21.791442852616999 ] ] ], [ [ [ 88.354200736439793, 21.796077513474522 ], [ 88.369367737334315, 21.792435994229326 ], [ 88.367719150280564, 21.770255831554042 ], [ 88.342001192242023, 21.760986509838997 ], [ 88.342990344474273, 21.728212836632235 ], [ 88.324196452061486, 21.727550742224015 ], [ 88.327493626168987, 21.707356862773384 ], [ 88.314304929738967, 21.710336287610364 ], [ 88.306391711880948, 21.715301995671993 ], [ 88.301775668130446, 21.777538870044431 ], [ 88.354200736439793, 21.796077513474522 ] ] ], [ [ [ 88.182747682849481, 21.780518294881411 ], [ 88.175823617223713, 21.782504578106064 ], [ 88.175164182402213, 21.798725891107392 ], [ 88.182747682849481, 21.780518294881411 ] ] ], [ [ [ 88.424430544929663, 21.797732749495065 ], [ 88.438278676181184, 21.793760183045759 ], [ 88.41882534894691, 21.766283265104736 ], [ 88.420144218589911, 21.726557600611692 ], [ 88.381896998942835, 21.779525153269084 ], [ 88.417836196714646, 21.807664165618327 ], [ 88.424430544929663, 21.797732749495065 ] ] ], [ [ [ 88.555328356997649, 21.761317557043107 ], [ 88.57049535789217, 21.756682896185584 ], [ 88.567198183784669, 21.733178544693864 ], [ 88.607093990485495, 21.685176700098101 ], [ 88.596543033341476, 21.657699782157078 ], [ 88.584343489143706, 21.688818219343297 ], [ 88.532907573066609, 21.720598750937732 ], [ 88.53455616012036, 21.729537025448668 ], [ 88.519718876636588, 21.725233411795255 ], [ 88.507849049849568, 21.747082527266432 ], [ 88.51213537618932, 21.779856200473194 ], [ 88.543788247621379, 21.811305684863523 ], [ 88.567857618606169, 21.792104947025216 ], [ 88.555328356997649, 21.761317557043107 ] ] ], [ [ [ 89.014624710173223, 21.778200964452651 ], [ 89.054520516874035, 21.73682006393906 ], [ 89.053861082052535, 21.722253986958275 ], [ 89.074303561519073, 21.703715343528188 ], [ 89.063752604375054, 21.692459738588493 ], [ 89.076281865983574, 21.686831936118644 ], [ 89.071995539643822, 21.675576331178949 ], [ 89.092767736521111, 21.652071979687229 ], [ 89.09078943205661, 21.633202289053031 ], [ 89.071336104822322, 21.611684220785964 ], [ 89.037704928925763, 21.611022126377748 ], [ 89.021219058388226, 21.647106271625596 ], [ 89.032099732942996, 21.659023970973511 ], [ 89.016932732048474, 21.661010254198164 ], [ 89.021219058388226, 21.688156124935077 ], [ 89.012316688297972, 21.71397780685556 ], [ 88.977036925347647, 21.728874931040451 ], [ 88.980993534276664, 21.746751480062322 ], [ 88.956264728470359, 21.75966232102256 ], [ 88.979344947222913, 21.779856200473194 ], [ 89.002754883386203, 21.777538870044431 ], [ 88.992863361063684, 21.789456569392346 ], [ 89.001106296332452, 21.81163673206763 ], [ 89.011327536065707, 21.808326260026544 ], [ 89.014624710173223, 21.778200964452651 ] ] ], [ [ [ 88.820750872651871, 21.763965934675976 ], [ 88.791406023095064, 21.756682896185584 ], [ 88.785471109701561, 21.771911067574585 ], [ 88.823058894527122, 21.822561289803218 ], [ 88.828993807920639, 21.805677882393674 ], [ 88.820750872651871, 21.763965934675976 ] ] ], [ [ [ 88.486747135561529, 21.802367410352588 ], [ 88.457402286004722, 21.807995212822433 ], [ 88.486417418150779, 21.83547213076346 ], [ 88.498616962348549, 21.815609298516936 ], [ 88.486747135561529, 21.802367410352588 ] ] ], [ [ [ 88.607753425306996, 21.798063796699175 ], [ 88.588959532894208, 21.801705315944368 ], [ 88.575441119053437, 21.817926628945695 ], [ 88.588629815483458, 21.848714018927808 ], [ 88.614018056111249, 21.830837469905937 ], [ 88.607753425306996, 21.798063796699175 ] ] ], [ [ [ 88.520378311458089, 21.828189092273067 ], [ 88.497627810116299, 21.83282375313059 ], [ 88.502573571277551, 21.853017632581221 ], [ 88.52400520297634, 21.845072499682612 ], [ 88.520378311458089, 21.828189092273067 ] ] ], [ [ [ 88.190001465885999, 21.833816894742917 ], [ 88.18010994356348, 21.839444697212762 ], [ 88.174175030169962, 21.85566601021409 ], [ 88.190001465885999, 21.833816894742917 ] ] ], [ [ [ 88.359476215011796, 21.804684740781347 ], [ 88.291224710986427, 21.778532011656758 ], [ 88.26220957884037, 21.805346835189564 ], [ 88.304413407416448, 21.830506422701827 ], [ 88.329142213222738, 21.859969623867503 ], [ 88.351562997153778, 21.854010774193547 ], [ 88.355849323493544, 21.827195950660741 ], [ 88.372664911441817, 21.905985185238617 ], [ 88.353211584207543, 21.939089905649489 ], [ 88.350903562332277, 21.971201484448034 ], [ 88.347276670814026, 21.935448386404293 ], [ 88.365740845816063, 21.9053230908304 ], [ 88.363432823940798, 21.882149786542787 ], [ 88.353541301618293, 21.866921615153785 ], [ 88.311667190452965, 21.859638576663396 ], [ 88.305072842237948, 21.876853031277047 ], [ 88.292213863218677, 21.864273237520916 ], [ 88.260560991786619, 21.864935331929136 ], [ 88.27473884044889, 21.899364241156441 ], [ 88.276717144913405, 21.945710849731661 ], [ 88.272430818573639, 21.959945879508336 ], [ 88.261550144018869, 21.962263209937099 ], [ 88.270452514109138, 21.952000746609727 ], [ 88.270122796698388, 21.899364241156441 ], [ 88.253966643571616, 21.859969623867503 ], [ 88.298148776612194, 21.856328104622307 ], [ 88.303753972594947, 21.843086216457959 ], [ 88.26253929625112, 21.818257676149805 ], [ 88.255944948036117, 21.801043221536151 ], [ 88.281333188663908, 21.757344990593801 ], [ 88.268144492233887, 21.728212836632235 ], [ 88.302435102951947, 21.669948528709099 ], [ 88.28627894982516, 21.610691079173638 ], [ 88.302764820362697, 21.581558925212072 ], [ 88.259901556965119, 21.556399337699808 ], [ 88.235832185980328, 21.573613792313463 ], [ 88.220005750264292, 21.604070135091465 ], [ 88.236161903391078, 21.645119988400946 ], [ 88.229897272586811, 21.669617481504989 ], [ 88.202860444905269, 21.682528322465231 ], [ 88.220005750264292, 21.702060107507645 ], [ 88.210114227941787, 21.724902364591145 ], [ 88.212092532406288, 21.78316667251428 ], [ 88.193958074815001, 21.843748310866175 ], [ 88.163953790436693, 21.883473975359223 ], [ 88.164613225258194, 21.943393519302901 ], [ 88.14581933284542, 21.955311218650817 ], [ 88.207806206066522, 22.02648636753419 ], [ 88.222313772139557, 22.07283297610941 ], [ 88.219346315442792, 22.102627224479196 ], [ 88.183077400260231, 22.187375308731028 ], [ 88.103285786858592, 22.214852226672051 ], [ 88.066687154265281, 22.209555471406311 ], [ 88.083832459624304, 22.240342861388424 ], [ 88.081524437749053, 22.261198835247271 ], [ 88.081194720338303, 22.266164543308903 ], [ 88.089767373017821, 22.286358422759534 ], [ 88.096032003822074, 22.306221255006058 ], [ 88.090426807839322, 22.363492421316867 ], [ 88.141203289094904, 22.410170077096197 ], [ 88.141203289094904, 22.412487407524956 ], [ 88.129663179718634, 22.43797804224133 ], [ 88.119771657396115, 22.460158204916613 ], [ 88.118123070342364, 22.464130771365916 ], [ 88.120431092217615, 22.464792865774136 ], [ 88.16922926900871, 22.482007320387787 ], [ 88.208465640888022, 22.516105182410985 ], [ 88.23978879490933, 22.522395079289051 ], [ 88.233524164105077, 22.545237336372555 ], [ 88.23879964267708, 22.544575241964335 ], [ 88.257923252500618, 22.541926864331465 ], [ 88.259901556965119, 22.533981731432856 ], [ 88.287927536878925, 22.538285345086269 ], [ 88.288257254289675, 22.538285345086269 ], [ 88.288257254289675, 22.538285345086269 ], [ 88.291554428397177, 22.516767276819202 ], [ 88.342001192242023, 22.503856435858964 ], [ 88.360465367244046, 22.509484238328813 ], [ 88.367719150280564, 22.512463663165789 ], [ 88.372994628852567, 22.534312778636966 ], [ 88.392447956086855, 22.551196186046511 ], [ 88.401350326177123, 22.55914131894512 ], [ 88.402009760998624, 22.55947236614923 ], [ 88.402998913230874, 22.55881027174101 ], [ 88.413549870374894, 22.55682398851636 ], [ 88.433992349841432, 22.537292203473946 ], [ 88.454434829307971, 22.523057173697268 ], [ 88.46531550386274, 22.564769121414969 ], [ 88.466304656094991, 22.573045301517688 ], [ 88.467293808327241, 22.572714254313578 ], [ 88.472569286899244, 22.570727971088925 ], [ 88.521367463690339, 22.550203044434184 ], [ 88.521367463690339, 22.561789696577989 ], [ 88.554998639586898, 22.592908133764208 ], [ 88.543458530210629, 22.606481069132666 ], [ 88.553020335122397, 22.606481069132666 ], [ 88.560603835569651, 22.624357618154537 ], [ 88.59324585923396, 22.612770966010732 ], [ 88.590608119947959, 22.597211747417624 ], [ 88.622920426201517, 22.580990434416297 ], [ 88.623250143612267, 22.580659387212187 ], [ 88.627206752541269, 22.558479224536903 ], [ 88.628855339595034, 22.548547808413641 ], [ 88.629514774416535, 22.548216761209531 ], [ 88.651605840936824, 22.520739843268508 ], [ 88.656881319508827, 22.514449946390442 ], [ 88.649627536472323, 22.495249208552138 ], [ 88.665453972188345, 22.492600830919265 ], [ 88.703371474424657, 22.459827157712503 ], [ 88.703371474424657, 22.458834016100177 ], [ 88.703041757013906, 22.434005475792024 ], [ 88.733375758802964, 22.420763587627675 ], [ 88.733375758802964, 22.411163218708523 ], [ 88.754807390501753, 22.398583424952392 ], [ 88.750850781572751, 22.391631433666106 ], [ 88.766677217288773, 22.393286669686653 ], [ 88.766017782467273, 22.380044781522301 ], [ 88.773931000325291, 22.387989914420913 ], [ 88.77195269586079, 22.371106507011365 ], [ 88.822069742294872, 22.371106507011365 ], [ 88.804265002114349, 22.329063512089558 ], [ 88.815475394079868, 22.262854071267817 ], [ 88.850755157030179, 22.28735156437186 ], [ 88.864273570870949, 22.272454440186969 ], [ 88.87647311506872, 22.275764912228055 ], [ 88.895596724892258, 22.252260560736335 ], [ 88.906147682036277, 22.251598466328119 ], [ 88.91208259542978, 22.272785487391076 ], [ 88.928898183378067, 22.262523024063707 ], [ 88.949340662844605, 22.249612183103466 ], [ 88.952637836952107, 22.247956947082923 ], [ 88.953297271773607, 22.245970663858269 ], [ 88.970112859721894, 22.200617196895376 ], [ 89.018251601691475, 22.198961960874833 ], [ 89.018911036512975, 22.164533051647528 ], [ 89.054520516874035, 22.130766236828435 ], [ 89.05583938651705, 22.129442048012002 ], [ 89.055179951695536, 22.128117859195566 ], [ 89.042320972676265, 22.097661516417563 ], [ 89.052212494998784, 22.053632238271106 ], [ 89.07858988785884, 22.019534376247908 ], [ 89.068698365536321, 21.948690274568641 ], [ 89.030780863299995, 21.92849639511801 ], [ 89.000446861510937, 21.948359227364531 ], [ 89.006052057493704, 21.962594257141205 ], [ 88.995171382938935, 21.962263209937099 ], [ 88.987258165080917, 21.949683416180967 ], [ 89.012316688297972, 21.927503253505684 ], [ 89.007700644547455, 21.902674713197527 ], [ 88.972091164186395, 21.922537545444051 ], [ 88.973410033829396, 21.944386660915228 ], [ 88.957913315524124, 21.929158489526227 ], [ 88.932525074896319, 21.942731424894685 ], [ 88.930546770431818, 21.964911587569969 ], [ 88.946043488737104, 21.995036883143861 ], [ 88.937141118646835, 22.054625379883433 ], [ 88.975388338293897, 22.070846692884757 ], [ 88.987258165080917, 22.110241310173695 ], [ 88.972750599007895, 22.084750675457325 ], [ 88.929887335610317, 22.063232607190258 ], [ 88.932525074896319, 22.00331306324658 ], [ 88.920984965520049, 21.984112325408272 ], [ 88.91241231284053, 22.028141603554733 ], [ 88.925271291859815, 22.055287474291649 ], [ 88.903839660161026, 22.068860409660108 ], [ 88.927909031145816, 22.104944554907956 ], [ 88.892299550784756, 22.068198315251887 ], [ 88.88966181149874, 22.053632238271106 ], [ 88.906147682036277, 22.052970143862886 ], [ 88.90120192087501, 21.93114477275088 ], [ 88.85306317890543, 21.922537545444051 ], [ 88.788768283809063, 21.955311218650817 ], [ 88.763380043181272, 21.955311218650817 ], [ 88.758434282020005, 21.983781278204166 ], [ 88.816794263722869, 21.968222059611055 ], [ 88.765028630235022, 21.989740127878122 ], [ 88.765358347645773, 21.998016307980841 ], [ 88.746564455232985, 21.989409080674012 ], [ 88.762390890949021, 22.015561809798601 ], [ 88.755796542734004, 22.04734234139304 ], [ 88.772941848093041, 22.054625379883433 ], [ 88.750521064162001, 22.058928993536846 ], [ 88.779536196308044, 22.089385336314848 ], [ 88.78415224005856, 22.107592932540825 ], [ 88.750191346751251, 22.082102297824456 ], [ 88.740959259250232, 22.053301191066996 ], [ 88.703371474424657, 22.073495070517627 ], [ 88.7485427596975, 22.131097284032546 ], [ 88.773601282914541, 22.140697652951697 ], [ 88.76107202130602, 22.14798069144209 ], [ 88.738980954785731, 22.14500126660511 ], [ 88.687215321297884, 22.077467636966933 ], [ 88.698755430674154, 22.054956427087539 ], [ 88.737991802553481, 22.033107311616366 ], [ 88.738321519964231, 22.013575526573948 ], [ 88.689853060583886, 21.97418090928501 ], [ 88.695128539155903, 21.957297501875466 ], [ 88.682269560136632, 21.945379802527555 ], [ 88.633141665934787, 21.954980171446707 ], [ 88.633141665934787, 21.994043741531534 ], [ 88.657211036919577, 22.024500084309537 ], [ 88.661497363259343, 22.056611663108082 ], [ 88.637427992274539, 22.112558640602458 ], [ 88.656221884687326, 22.16850561809683 ], [ 88.683918147190383, 22.207238140977552 ], [ 88.703041757013906, 22.208562329793985 ], [ 88.640395448971304, 22.215845368284377 ], [ 88.658859623973328, 22.237032389347334 ], [ 88.660837928437843, 22.245639616654163 ], [ 88.650286971293824, 22.248619041491139 ], [ 88.631822796291786, 22.212534896243291 ], [ 88.673367190046363, 22.203927668936462 ], [ 88.640725166382055, 22.164533051647528 ], [ 88.641054883792805, 22.140697652951697 ], [ 88.607753425306996, 22.100971988458653 ], [ 88.622590708790767, 22.095344185988804 ], [ 88.637427992274539, 22.04734234139304 ], [ 88.621601556558517, 22.022844848288994 ], [ 88.601818511913478, 22.030458933983496 ], [ 88.616985512808014, 22.013906573778058 ], [ 88.598851055216727, 21.982126042183623 ], [ 88.614018056111249, 21.939752000057705 ], [ 88.601488794502728, 21.938427811241269 ], [ 88.606764273074745, 21.917902884586528 ], [ 88.59357557664471, 21.895722721911245 ], [ 88.579727445393189, 21.891750155461942 ], [ 88.571484510124421, 21.910950893300246 ], [ 88.567198183784669, 21.900357382768767 ], [ 88.543458530210629, 21.903998902013964 ], [ 88.547744856550381, 21.884798164175656 ], [ 88.531918420834359, 21.853348679785331 ], [ 88.496308940473298, 21.87917036170581 ], [ 88.525653790030091, 21.918233931790638 ], [ 88.501914136456051, 21.897046910727681 ], [ 88.525653790030091, 21.925185923076921 ], [ 88.501584419045301, 21.967559965202838 ], [ 88.509827354314069, 21.980801853367186 ], [ 88.540161356103127, 21.988415939061689 ], [ 88.514443398064572, 21.989740127878122 ], [ 88.498287244937799, 21.976498239713774 ], [ 88.505211310563553, 21.925516970281031 ], [ 88.470590982434743, 21.901019477176984 ], [ 88.456742851183222, 21.903998902013964 ], [ 88.454105111897221, 21.944717708119335 ], [ 88.465645221273491, 21.961601115528882 ], [ 88.445862176628452, 21.987422797449362 ], [ 88.460369742701474, 21.958621690691903 ], [ 88.451137655200455, 21.945379802527555 ], [ 88.443224437342451, 21.950345510589184 ], [ 88.444873024396202, 21.917240790178312 ], [ 88.411901283321143, 21.905985185238617 ], [ 88.401020608766373, 21.891088061053722 ], [ 88.391129086443854, 21.896715863523571 ], [ 88.401680043587874, 21.922537545444051 ], [ 88.382886151175086, 21.966566823590512 ], [ 88.407285239570626, 21.992719552715101 ], [ 88.388161629747103, 22.004306204858906 ], [ 88.402669195820124, 21.988084891857579 ], [ 88.374643215906332, 21.966235776386402 ], [ 88.395085695372856, 21.924523828668704 ], [ 88.379588977067584, 21.900357382768767 ], [ 88.392447956086855, 21.886784447400309 ], [ 88.378929542246084, 21.844079358070285 ], [ 88.381896998942835, 21.795084371862195 ], [ 88.363432823940798, 21.803691599169021 ], [ 88.355849323493544, 21.826864903456631 ], [ 88.359476215011796, 21.804684740781347 ] ] ], [ [ [ 88.894937290070757, 21.784490861330717 ], [ 88.897904746767509, 21.753041376940388 ], [ 88.9232929873953, 21.749399857695192 ], [ 88.911093443197529, 21.7345027335103 ], [ 88.882737745872987, 21.752379282532171 ], [ 88.866581592746201, 21.779856200473194 ], [ 88.835917873546407, 21.78846342778002 ], [ 88.850095722208678, 21.862286954296266 ], [ 88.871527353907467, 21.852024490968894 ], [ 88.879770289176236, 21.801374268740261 ], [ 88.894937290070757, 21.784490861330717 ] ] ], [ [ [ 88.16922926900871, 21.862286954296266 ], [ 88.163624073025943, 21.862618001500373 ], [ 88.162634920793693, 21.865928473541462 ], [ 88.16922926900871, 21.862286954296266 ] ] ], [ [ [ 88.573462814588936, 21.877515125685267 ], [ 88.5582958136944, 21.83282375313059 ], [ 88.556976944051399, 21.873542559235961 ], [ 88.573462814588936, 21.877515125685267 ] ] ], [ [ [ 88.555328356997649, 21.818257676149805 ], [ 88.533237290477359, 21.843086216457959 ], [ 88.555658074408399, 21.882480833746897 ], [ 88.555328356997649, 21.818257676149805 ] ] ], [ [ [ 88.094383416768324, 21.866921615153785 ], [ 88.091745677482322, 21.893736438686595 ], [ 88.103615504269342, 21.889763872237289 ], [ 88.094383416768324, 21.866921615153785 ] ] ], [ [ [ 88.981982686508914, 21.896053769115355 ], [ 89.024845949906492, 21.866590567949679 ], [ 89.027813406603244, 21.831499564314154 ], [ 89.017262449459224, 21.818257676149805 ], [ 88.994841665528185, 21.816271392925152 ], [ 88.966156250792878, 21.780187247677304 ], [ 88.951648684719856, 21.795084371862195 ], [ 88.979344947222913, 21.817926628945695 ], [ 88.954945858827358, 21.830837469905937 ], [ 88.951648684719856, 21.845734594090828 ], [ 88.976377490526147, 21.869569992786658 ], [ 88.973410033829396, 21.893074344278375 ], [ 88.981982686508914, 21.896053769115355 ] ] ], [ [ [ 88.632482231113286, 21.869901039990765 ], [ 88.653584145401325, 21.868576851174332 ], [ 88.641054883792805, 21.78912552218824 ], [ 88.620942121737016, 21.802036363148478 ], [ 88.616985512808014, 21.836796319579893 ], [ 88.596872750752226, 21.85864543505107 ], [ 88.619293534683266, 21.896715863523571 ], [ 88.632482231113286, 21.869901039990765 ] ] ], [ [ [ 88.573133097178186, 21.884798164175656 ], [ 88.559284965926651, 21.88413606976744 ], [ 88.562252422623416, 21.894067485890702 ], [ 88.572473662356686, 21.897046910727681 ], [ 88.573133097178186, 21.884798164175656 ] ] ], [ [ [ 88.837566460600158, 21.877846172889374 ], [ 88.831631547206641, 21.869901039990765 ], [ 88.8059135891681, 21.872880464827745 ], [ 88.817453698544369, 21.900688429972877 ], [ 88.832950416849641, 21.897046910727681 ], [ 88.837566460600158, 21.877846172889374 ] ] ], [ [ [ 88.777228174432793, 21.868907898378438 ], [ 88.826356068634638, 21.86096276547983 ], [ 88.815145676669118, 21.818919770558022 ], [ 88.792724892738079, 21.800050079923825 ], [ 88.779865913718794, 21.770917925962259 ], [ 88.781514500772559, 21.738475299959603 ], [ 88.756785694966254, 21.743772055225342 ], [ 88.765688065056523, 21.767938501125279 ], [ 88.756455977555504, 21.773566303595128 ], [ 88.77129326103929, 21.80898835443476 ], [ 88.744915868179234, 21.775883634023888 ], [ 88.753158803448002, 21.76264174585954 ], [ 88.74887247710825, 21.737482158347277 ], [ 88.769644673985525, 21.722916081366495 ], [ 88.754807390501753, 21.711991523630907 ], [ 88.76041258648452, 21.689480313751513 ], [ 88.803935284703599, 21.702722201915861 ], [ 88.808551328454101, 21.668293292688556 ], [ 88.79470319720258, 21.652734074095445 ], [ 88.789098001219813, 21.666638056668013 ], [ 88.78250365300481, 21.659023970973511 ], [ 88.746234737822235, 21.662003395810491 ], [ 88.709636105228924, 21.694777069017253 ], [ 88.691171930226886, 21.750724046511625 ], [ 88.711614409693425, 21.793098088637542 ], [ 88.714252148979426, 21.813623015292283 ], [ 88.697436561031154, 21.836796319579893 ], [ 88.695787973977403, 21.859638576663396 ], [ 88.715900736033191, 21.90466099642218 ], [ 88.777228174432793, 21.868907898378438 ] ] ], [ [ [ 88.489714592258281, 21.847720877315481 ], [ 88.482790526632513, 21.839775744416873 ], [ 88.462348047165989, 21.844741452478502 ], [ 88.46531550386274, 21.830506422701827 ], [ 88.445532459217702, 21.813291968088173 ], [ 88.456742851183222, 21.797070655086848 ], [ 88.419484783768411, 21.813623015292283 ], [ 88.398712586891122, 21.80633997680189 ], [ 88.399701739123373, 21.876521984072941 ], [ 88.420473936000661, 21.900688429972877 ], [ 88.443883872163951, 21.906978326850943 ], [ 88.472239569488494, 21.891750155461942 ], [ 88.489714592258281, 21.847720877315481 ] ] ], [ [ [ 88.484768831097028, 21.896715863523571 ], [ 88.47652589582826, 21.900026335564657 ], [ 88.48839572261528, 21.90797146846327 ], [ 88.484768831097028, 21.896715863523571 ] ] ], [ [ [ 88.11053956989511, 21.901019477176984 ], [ 88.099329177929576, 21.899033193952334 ], [ 88.095042851589824, 21.905654138034507 ], [ 88.11053956989511, 21.901019477176984 ] ] ], [ [ [ 88.638417144506803, 21.922206498239944 ], [ 88.667432276652846, 21.913268223729009 ], [ 88.651605840936824, 21.877515125685267 ], [ 88.638417144506803, 21.876853031277047 ], [ 88.626217600309019, 21.898702146748224 ], [ 88.638417144506803, 21.922206498239944 ] ] ], [ [ [ 88.73733236773198, 21.922537545444051 ], [ 88.791735740505814, 21.921213356627618 ], [ 88.793714044970329, 21.912937176524899 ], [ 88.809540480686351, 21.912937176524899 ], [ 88.810859350329352, 21.899695288360551 ], [ 88.798000371310081, 21.880494550522243 ], [ 88.775909304789792, 21.877184078481157 ], [ 88.715241301211691, 21.921875451035834 ], [ 88.726121975766461, 21.929158489526227 ], [ 88.73733236773198, 21.922537545444051 ] ] ], [ [ [ 88.129992897129384, 21.900026335564657 ], [ 88.111858439538111, 21.917240790178312 ], [ 88.114825896234862, 21.93114477275088 ], [ 88.141533006505654, 21.920551262219398 ], [ 88.129992897129384, 21.900026335564657 ] ] ], [ [ [ 88.943405749451088, 21.914923459749552 ], [ 88.970772294543394, 21.906647279646833 ], [ 88.968464272668143, 21.871556276011308 ], [ 88.942746314629588, 21.838451555600436 ], [ 88.970442577132644, 21.814285109700499 ], [ 88.943076032040338, 21.797732749495065 ], [ 88.948681228023105, 21.769262689941716 ], [ 88.919336378466298, 21.768269548329389 ], [ 88.908455703911528, 21.757344990593801 ], [ 88.886364637391239, 21.80633997680189 ], [ 88.891640115963256, 21.83514108355935 ], [ 88.863614136049449, 21.858976482255176 ], [ 88.866911310156951, 21.869238945582548 ], [ 88.821080590062621, 21.92783430070979 ], [ 88.882737745872987, 21.913599270933116 ], [ 88.915379769537296, 21.933131055975529 ], [ 88.943405749451088, 21.914923459749552 ] ] ], [ [ [ 88.519718876636588, 21.921544403831724 ], [ 88.514113680653821, 21.918233931790638 ], [ 88.515432550296822, 21.937103622424836 ], [ 88.519718876636588, 21.921544403831724 ] ] ], [ [ [ 88.774590435146791, 21.944717708119335 ], [ 88.787119696755312, 21.948359227364531 ], [ 88.802616415060584, 21.93048267834266 ], [ 88.792065457916578, 21.924854875872814 ], [ 88.729419149873962, 21.939420952853595 ], [ 88.727770562820211, 21.97980871175486 ], [ 88.747223890054485, 21.978153475734317 ], [ 88.749861629340501, 21.958621690691903 ], [ 88.774590435146791, 21.944717708119335 ] ] ], [ [ [ 88.100977764983341, 21.970539390039818 ], [ 88.088448503374806, 21.973849862080904 ], [ 88.096691438643575, 22.0003336384096 ], [ 88.13427922346915, 22.016223904206818 ], [ 88.128014592664883, 21.993381647123318 ], [ 88.100977764983341, 21.970539390039818 ] ] ] ] } },
{ "type": "Feature", "properties": { "id": null, "dt_code": "344", "district": "Medinipur West", "st_nm": "West Bengal", "st_code": "19", "year": "2011_c" }, "geometry": { "type": "Polygon", "coordinates": [ [ [ 87.522983143937552, 22.927927904322232 ], [ 87.522653426526801, 22.917003346586647 ], [ 87.504848686346264, 22.917996488198973 ], [ 87.511113317150532, 22.897140514340123 ], [ 87.527269470277304, 22.897802608748339 ], [ 87.532544948849321, 22.881912342951122 ], [ 87.515729360901034, 22.866022077153904 ], [ 87.556614319834111, 22.86668417156212 ], [ 87.58892662608767, 22.841524584049857 ], [ 87.61299599707246, 22.850462858560793 ], [ 87.622887519394979, 22.844172961682727 ], [ 87.630471019842247, 22.811730335680075 ], [ 87.650913499308786, 22.801467872352703 ], [ 87.682896088151594, 22.802129966760919 ], [ 87.676961174758077, 22.781936087310289 ], [ 87.685863544848345, 22.774984096024006 ], [ 87.718505568512654, 22.788225984188355 ], [ 87.726748503781423, 22.787232842576028 ], [ 87.726089068959908, 22.774322001615786 ], [ 87.740926352443694, 22.777632473656876 ], [ 87.740596635032944, 22.737244714755612 ], [ 87.760379679677982, 22.722678637774827 ], [ 87.763676853785483, 22.688249728547522 ], [ 87.802583508254045, 22.633957987073689 ], [ 87.812475030576564, 22.633626939869583 ], [ 87.812804747987315, 22.614757249235385 ], [ 87.853359989509642, 22.595556511397078 ], [ 87.853359989509642, 22.594894416988861 ], [ 87.847425076116139, 22.566093310231402 ], [ 87.845446771651623, 22.557155035720466 ], [ 87.864240664064411, 22.53365068422875 ], [ 87.893585513621218, 22.519415654452075 ], [ 87.883364273887949, 22.509484238328813 ], [ 87.845776489062374, 22.512463663165789 ], [ 87.792032551110026, 22.479027895550811 ], [ 87.784119333252022, 22.484986745224766 ], [ 87.760379679677982, 22.473400093080961 ], [ 87.738618330568443, 22.487635122857636 ], [ 87.709603198422386, 22.489952453286399 ], [ 87.691798458241848, 22.505511671879507 ], [ 87.688501284134347, 22.490614547694616 ], [ 87.682566370740844, 22.487635122857636 ], [ 87.673664000650575, 22.465786007386463 ], [ 87.65948615198829, 22.462475535345373 ], [ 87.647286607790519, 22.435660711812567 ], [ 87.658826717166789, 22.40884588827976 ], [ 87.645638020736769, 22.335022361763517 ], [ 87.646297455558269, 22.332373984130648 ], [ 87.673993718061325, 22.327408276069015 ], [ 87.721802742620156, 22.319463143170406 ], [ 87.723451329673907, 22.3191320959663 ], [ 87.723451329673907, 22.31880104876219 ], [ 87.706306024314884, 22.280399573085578 ], [ 87.698063089046116, 22.21783165150903 ], [ 87.728726808245924, 22.202934527324139 ], [ 87.729386243067424, 22.190354733568007 ], [ 87.709603198422386, 22.181085411852962 ], [ 87.701689980564367, 22.125800528766806 ], [ 87.673664000650575, 22.103620366091523 ], [ 87.623217236805729, 22.103289318887413 ], [ 87.620579497519728, 22.092695808355934 ], [ 87.587607756444669, 22.083095439436782 ], [ 87.586618604212418, 22.082764392232672 ], [ 87.582661995283402, 22.095013138784694 ], [ 87.537820427421323, 22.081771250620346 ], [ 87.492978859559244, 22.090709525131281 ], [ 87.474514684557221, 22.073826117721737 ], [ 87.486714228754991, 22.062570512782042 ], [ 87.480449597950724, 22.050321766230017 ], [ 87.489351968040992, 22.044693963760171 ], [ 87.488362815808742, 22.042045586127301 ], [ 87.489022250630242, 22.042045586127301 ], [ 87.486054793933491, 22.033438358820472 ], [ 87.48539535911199, 22.031783122799929 ], [ 87.48539535911199, 22.031452075595819 ], [ 87.484406206879726, 22.032114170004039 ], [ 87.474514684557221, 22.035424642045125 ], [ 87.474184967146471, 22.034762547636909 ], [ 87.461325988127186, 22.012251337757515 ], [ 87.460336835894935, 22.008940865716429 ], [ 87.478141576075473, 22.002319921634253 ], [ 87.485725076522741, 21.957959596283686 ], [ 87.50748642563228, 21.957628549079576 ], [ 87.510124164918281, 21.952993888222053 ], [ 87.510453882329031, 21.952331793813837 ], [ 87.512432186793532, 21.949021321772751 ], [ 87.49693546848826, 21.944055613711118 ], [ 87.481768467593724, 21.939089905649489 ], [ 87.476163271610972, 21.899364241156441 ], [ 87.448467009107915, 21.892412249870159 ], [ 87.455391074733683, 21.847389830111371 ], [ 87.441213226071412, 21.839775744416873 ], [ 87.445499552411164, 21.823223384211435 ], [ 87.425716507766126, 21.797070655086848 ], [ 87.438245769374646, 21.790780758208783 ], [ 87.440224073839147, 21.768600595533496 ], [ 87.396041940798568, 21.765952217900626 ], [ 87.385820701065313, 21.775883634023888 ], [ 87.373621156867529, 21.764296981880083 ], [ 87.355486699276256, 21.791111805412889 ], [ 87.337681959095718, 21.783828766922497 ], [ 87.335703654631217, 21.793429135841652 ], [ 87.310645131414176, 21.792435994229326 ], [ 87.298115869805656, 21.810643590455303 ], [ 87.28261915150037, 21.802698457556694 ], [ 87.263825259087582, 21.818919770558022 ], [ 87.27074932471335, 21.827858045068957 ], [ 87.248658258193061, 21.853679726989437 ], [ 87.251625714889812, 21.875197795256504 ], [ 87.238766735870541, 21.901681571585204 ], [ 87.255252606408078, 21.922537545444051 ], [ 87.23612899658454, 21.943393519302901 ], [ 87.243382779621058, 21.963918445957642 ], [ 87.243382779621058, 21.964249493161752 ], [ 87.219313408636253, 21.985436514224709 ], [ 87.198211494348215, 22.033107311616366 ], [ 87.172493536309673, 22.063894701598475 ], [ 87.160623709522653, 22.077136589762823 ], [ 87.134576034073362, 22.088723241906628 ], [ 87.134576034073362, 22.089716383518955 ], [ 87.136884055948613, 22.126462623175023 ], [ 87.149413317557133, 22.143677077788677 ], [ 87.185022797918194, 22.146656502625657 ], [ 87.165239753273156, 22.157250013157135 ], [ 87.179417601935441, 22.178437034220092 ], [ 87.171174666666673, 22.190685780772114 ], [ 87.182055341221442, 22.191016827976224 ], [ 87.176450145238675, 22.238025530959661 ], [ 87.219972843457754, 22.228756209244619 ], [ 87.228545496137272, 22.247625899878816 ], [ 87.216345951939502, 22.26715768492123 ], [ 87.190298276490211, 22.281392714697905 ], [ 87.204476125152482, 22.304234971781405 ], [ 87.155677948361401, 22.329063512089558 ], [ 87.155348230950651, 22.34230540025391 ], [ 87.164910035862405, 22.338663881008713 ], [ 87.187660537204209, 22.375079073460672 ], [ 87.239755888102792, 22.387989914420913 ], [ 87.258220063104829, 22.402224944197588 ], [ 87.243382779621058, 22.416791021178369 ], [ 87.173152971131174, 22.397259236135955 ], [ 87.176450145238675, 22.412487407524956 ], [ 87.162602013987154, 22.425067201281088 ], [ 87.104242032284304, 22.429370814934501 ], [ 87.118419880946576, 22.446254222344045 ], [ 87.116111859071324, 22.45817192169196 ], [ 87.082150965764015, 22.471744857060418 ], [ 87.093361357729535, 22.520739843268508 ], [ 87.114792989428324, 22.543582100352012 ], [ 87.092701922908034, 22.584300906457383 ], [ 87.101604292998303, 22.609791541173752 ], [ 87.088415596568268, 22.634289034277799 ], [ 87.095999097015536, 22.661765952218822 ], [ 87.124025076929343, 22.684608209302326 ], [ 87.099296271123038, 22.694208578221478 ], [ 87.089734466211283, 22.718375024121414 ], [ 87.076216052370498, 22.725658062611807 ], [ 87.076216052370498, 22.725658062611807 ], [ 87.076216052370498, 22.725658062611807 ], [ 87.077205204602748, 22.726651204224133 ], [ 87.088415596568268, 22.738899950776155 ], [ 87.080502378710264, 22.770349435166484 ], [ 87.077534922013498, 22.782929228922615 ], [ 87.053465551028708, 22.82265489341566 ], [ 87.063686790761977, 22.850462858560793 ], [ 87.128311403269095, 22.844172961682727 ], [ 87.170185514434422, 22.88952642864562 ], [ 87.211400190778249, 22.894161089503143 ], [ 87.221621430511519, 22.907734024871601 ], [ 87.244042214442558, 22.897471561544233 ], [ 87.27074932471335, 22.903761458422295 ], [ 87.31723947962918, 22.94481131173178 ], [ 87.357465003740757, 22.954411680650932 ], [ 87.456709944376684, 22.912368685729124 ], [ 87.522983143937552, 22.927927904322232 ] ] ] } },
{ "type": "Feature", "properties": { "id": null, "dt_code": "345", "district": "Medinipur East", "st_nm": "West Bengal", "st_code": "19", "year": "2011_c" }, "geometry": { "type": "Polygon", "coordinates": [ [ [ 87.438245769374646, 21.790780758208783 ], [ 87.425716507766126, 21.797070655086848 ], [ 87.445499552411164, 21.823223384211435 ], [ 87.441213226071412, 21.839775744416873 ], [ 87.455391074733683, 21.847389830111371 ], [ 87.448467009107915, 21.892412249870159 ], [ 87.476163271610972, 21.899364241156441 ], [ 87.481768467593724, 21.939089905649489 ], [ 87.49693546848826, 21.944055613711118 ], [ 87.512432186793532, 21.949021321772751 ], [ 87.510453882329031, 21.952331793813837 ], [ 87.510124164918281, 21.952993888222053 ], [ 87.50748642563228, 21.957628549079576 ], [ 87.485725076522741, 21.957959596283686 ], [ 87.478141576075473, 22.002319921634253 ], [ 87.460336835894935, 22.008940865716429 ], [ 87.461325988127186, 22.012251337757515 ], [ 87.474184967146471, 22.034762547636909 ], [ 87.474514684557221, 22.035424642045125 ], [ 87.484406206879726, 22.032114170004039 ], [ 87.48539535911199, 22.031452075595819 ], [ 87.48539535911199, 22.031783122799929 ], [ 87.486054793933491, 22.033438358820472 ], [ 87.489022250630242, 22.042045586127301 ], [ 87.488362815808742, 22.042045586127301 ], [ 87.489351968040992, 22.044693963760171 ], [ 87.480449597950724, 22.050321766230017 ], [ 87.486714228754991, 22.062570512782042 ], [ 87.474514684557221, 22.073826117721737 ], [ 87.492978859559244, 22.090709525131281 ], [ 87.537820427421323, 22.081771250620346 ], [ 87.582661995283402, 22.095013138784694 ], [ 87.586618604212418, 22.082764392232672 ], [ 87.587607756444669, 22.083095439436782 ], [ 87.620579497519728, 22.092695808355934 ], [ 87.623217236805729, 22.103289318887413 ], [ 87.673664000650575, 22.103620366091523 ], [ 87.701689980564367, 22.125800528766806 ], [ 87.709603198422386, 22.181085411852962 ], [ 87.729386243067424, 22.190354733568007 ], [ 87.728726808245924, 22.202934527324139 ], [ 87.698063089046116, 22.21783165150903 ], [ 87.706306024314884, 22.280399573085578 ], [ 87.723451329673907, 22.31880104876219 ], [ 87.723451329673907, 22.3191320959663 ], [ 87.721802742620156, 22.319463143170406 ], [ 87.673993718061325, 22.327408276069015 ], [ 87.646297455558269, 22.332373984130648 ], [ 87.645638020736769, 22.335022361763517 ], [ 87.658826717166789, 22.40884588827976 ], [ 87.647286607790519, 22.435660711812567 ], [ 87.65948615198829, 22.462475535345373 ], [ 87.673664000650575, 22.465786007386463 ], [ 87.682566370740844, 22.487635122857636 ], [ 87.688501284134347, 22.490614547694616 ], [ 87.691798458241848, 22.505511671879507 ], [ 87.709603198422386, 22.489952453286399 ], [ 87.738618330568443, 22.487635122857636 ], [ 87.760379679677982, 22.473400093080961 ], [ 87.784119333252022, 22.484986745224766 ], [ 87.792032551110026, 22.479027895550811 ], [ 87.845776489062374, 22.512463663165789 ], [ 87.883364273887949, 22.509484238328813 ], [ 87.893585513621218, 22.519415654452075 ], [ 87.88468314353095, 22.494256066939812 ], [ 87.899850144425471, 22.470751715448092 ], [ 87.901498731479222, 22.468434385019332 ], [ 87.878088795315932, 22.448902599976915 ], [ 87.878748230137433, 22.446585269548155 ], [ 87.89655297031797, 22.427715578913958 ], [ 87.936778494429547, 22.421756729240002 ], [ 87.952275212734818, 22.277089101044492 ], [ 87.998105932829148, 22.24663275826649 ], [ 87.997446498007648, 22.244977522245946 ], [ 87.990522432381894, 22.225445737203529 ], [ 88.014591803366685, 22.202603480120029 ], [ 88.043277218101977, 22.204920810548789 ], [ 88.072951785069534, 22.184726931098158 ], [ 88.136257527933651, 22.185389025506375 ], [ 88.16988870383021, 22.150298021870849 ], [ 88.166261812311959, 22.139042416931154 ], [ 88.186704291778483, 22.104613507703849 ], [ 88.160656616329192, 22.072170881701194 ], [ 88.097680590875825, 22.028472650758843 ], [ 88.064379132390016, 22.018210187431471 ], [ 88.038990891762225, 22.034431500432799 ], [ 88.019537564527937, 22.071839834497084 ], [ 87.992830454257145, 22.07581240094639 ], [ 88.013602651134434, 22.061246323965605 ], [ 88.048552696673994, 21.997354213572624 ], [ 88.019867281938687, 21.95696645467136 ], [ 87.986565823452878, 21.870563134398981 ], [ 87.95524266943157, 21.830506422701827 ], [ 87.89721240513947, 21.793429135841652 ], [ 87.870505294868678, 21.810974637659413 ], [ 87.879077947548183, 21.772573161982802 ], [ 87.789394811824025, 21.699742777078885 ], [ 87.746531548426447, 21.694114974609036 ], [ 87.741585787265194, 21.681204133648794 ], [ 87.673664000650575, 21.650416743666685 ], [ 87.651243216719536, 21.647437318829706 ], [ 87.649264912255035, 21.661010254198164 ], [ 87.638384237700265, 21.662665490218707 ], [ 87.628162997966996, 21.644457893992726 ], [ 87.563538385459879, 21.627905533787292 ], [ 87.561560080995378, 21.636181713890011 ], [ 87.541447318939589, 21.62095354250101 ], [ 87.486054793933491, 21.609697937561311 ], [ 87.476822706432472, 21.646444177217379 ], [ 87.461655705537936, 21.651078838074902 ], [ 87.471876945271205, 21.683852511281664 ], [ 87.469239205985204, 21.732185403081537 ], [ 87.444180682768163, 21.73417168630619 ], [ 87.454072205090682, 21.73979948877604 ], [ 87.445169835000414, 21.743109960817126 ], [ 87.438245769374646, 21.790780758208783 ] ] ] } },
{ "type": "Feature", "properties": { "id": null, "dt_code": "776", "district": "Jhargram", "st_nm": "West Bengal", "st_code": "19", "year": "2017_c" }, "geometry": { "type": "Polygon", "coordinates": [ [ [ 87.076216052370498, 22.725658062611807 ], [ 87.076216052370498, 22.725658062611807 ], [ 87.089734466211283, 22.718375024121414 ], [ 87.099296271123038, 22.694208578221478 ], [ 87.124025076929343, 22.684608209302326 ], [ 87.095999097015536, 22.661765952218822 ], [ 87.088415596568268, 22.634289034277799 ], [ 87.101604292998303, 22.609791541173752 ], [ 87.092701922908034, 22.584300906457383 ], [ 87.114792989428324, 22.543582100352012 ], [ 87.093361357729535, 22.520739843268508 ], [ 87.082150965764015, 22.471744857060418 ], [ 87.116111859071324, 22.45817192169196 ], [ 87.118419880946576, 22.446254222344045 ], [ 87.104242032284304, 22.429370814934501 ], [ 87.162602013987154, 22.425067201281088 ], [ 87.176450145238675, 22.412487407524956 ], [ 87.173152971131174, 22.397259236135955 ], [ 87.243382779621058, 22.416791021178369 ], [ 87.258220063104829, 22.402224944197588 ], [ 87.239755888102792, 22.387989914420913 ], [ 87.187660537204209, 22.375079073460672 ], [ 87.164910035862405, 22.338663881008713 ], [ 87.155348230950651, 22.34230540025391 ], [ 87.155677948361401, 22.329063512089558 ], [ 87.204476125152482, 22.304234971781405 ], [ 87.190298276490211, 22.281392714697905 ], [ 87.216345951939502, 22.26715768492123 ], [ 87.228545496137272, 22.247625899878816 ], [ 87.219972843457754, 22.228756209244619 ], [ 87.176450145238675, 22.238025530959661 ], [ 87.182055341221442, 22.191016827976224 ], [ 87.171174666666673, 22.190685780772114 ], [ 87.179417601935441, 22.178437034220092 ], [ 87.165239753273156, 22.157250013157135 ], [ 87.185022797918194, 22.146656502625657 ], [ 87.149413317557133, 22.143677077788677 ], [ 87.136884055948613, 22.126462623175023 ], [ 87.134576034073362, 22.089716383518955 ], [ 87.134576034073362, 22.088723241906628 ], [ 87.160623709522653, 22.077136589762823 ], [ 87.172493536309673, 22.063894701598475 ], [ 87.198211494348215, 22.033107311616366 ], [ 87.219313408636253, 21.985436514224709 ], [ 87.243382779621058, 21.964249493161752 ], [ 87.243382779621058, 21.963918445957642 ], [ 87.239096453281292, 21.955973313059033 ], [ 87.211400190778249, 21.966235776386402 ], [ 87.196892624705214, 21.959283785100119 ], [ 87.170185514434422, 21.979477664550753 ], [ 87.161612861754904, 21.935448386404293 ], [ 87.137213773359363, 21.923530687056378 ], [ 87.108528358624056, 21.924854875872814 ], [ 87.096328814426286, 21.913930318137226 ], [ 87.098636836301537, 21.865928473541462 ], [ 87.037639115312686, 21.868245803970222 ], [ 87.002029634951626, 21.912937176524899 ], [ 87.030715049686918, 21.985436514224709 ], [ 87.028077310400917, 22.037741972473885 ], [ 86.992467830039857, 22.054956427087539 ], [ 86.965101284947551, 22.085743817069652 ], [ 86.837830364397831, 22.097661516417563 ], [ 86.828268559486062, 22.117855395868197 ], [ 86.808815232251774, 22.11917958468463 ], [ 86.814090710823791, 22.125800528766806 ], [ 86.801891166626007, 22.130435189624329 ], [ 86.804528905912022, 22.150298021870849 ], [ 86.794637383589503, 22.157250013157135 ], [ 86.721769835813618, 22.146656502625657 ], [ 86.727045314385634, 22.216838509896704 ], [ 86.776173208587466, 22.21816269871314 ], [ 86.781448687159482, 22.237032389347334 ], [ 86.794967101000253, 22.228094114836399 ], [ 86.784745861266984, 22.231073539673378 ], [ 86.778151513051967, 22.21816269871314 ], [ 86.802220884036757, 22.21783165150903 ], [ 86.812442123770026, 22.24133600300075 ], [ 86.794307666178753, 22.2433222862254 ], [ 86.792329361714252, 22.266164543308903 ], [ 86.801231731804506, 22.265502448900687 ], [ 86.802880318858257, 22.244315427837726 ], [ 86.813431276002277, 22.267488732125337 ], [ 86.816728450109792, 22.253915796756882 ], [ 86.823982233146296, 22.26682663771712 ], [ 86.886628541188912, 22.257557316002075 ], [ 86.888277128242663, 22.297282980495122 ], [ 86.833214320647315, 22.324428851232039 ], [ 86.845413864845085, 22.399907613768825 ], [ 86.813101558591526, 22.419108351607132 ], [ 86.764633099211196, 22.426722437301631 ], [ 86.763314229568195, 22.447247363956372 ], [ 86.751114685370425, 22.455854591263201 ], [ 86.750784967959675, 22.482338367591897 ], [ 86.792988796535752, 22.477372659530268 ], [ 86.800902014393756, 22.487966170061746 ], [ 86.788702470195986, 22.548878855617751 ], [ 86.768589708140198, 22.55417561088349 ], [ 86.771557164836963, 22.564769121414969 ], [ 86.757379316174678, 22.578673103987533 ], [ 86.658464092949501, 22.575693679150557 ], [ 86.65615607107425, 22.591583944947775 ], [ 86.63307585232171, 22.611115729990189 ], [ 86.640659352768978, 22.659448621790062 ], [ 86.558559717492074, 22.711091985631022 ], [ 86.559219152313574, 22.712416174447458 ], [ 86.559548869724324, 22.712416174447458 ], [ 86.593180045620883, 22.762735349471981 ], [ 86.5971366545499, 22.772004671187027 ], [ 86.600433828657401, 22.779949804085636 ], [ 86.604060720175653, 22.788888078596571 ], [ 86.5984555241929, 22.79716425869929 ], [ 86.61065506839067, 22.798819494719833 ], [ 86.610984785801421, 22.798488447515723 ], [ 86.61065506839067, 22.798157400311617 ], [ 86.65681550589575, 22.787232842576028 ], [ 86.671982506790286, 22.769356293554157 ], [ 86.695392442953576, 22.768032104737721 ], [ 86.717153792063115, 22.74485880045011 ], [ 86.803539753679772, 22.708774655202262 ], [ 86.89454175904693, 22.651172441687343 ], [ 86.91630310815647, 22.627005995787407 ], [ 86.95257202333903, 22.636937411910669 ], [ 86.947955979588528, 22.669380037913324 ], [ 86.962133828250799, 22.67566993479139 ], [ 87.015218331381647, 22.650179300075017 ], [ 87.020164092542899, 22.698181144670784 ], [ 87.051816963974957, 22.72764434583646 ], [ 87.076216052370498, 22.725658062611807 ] ] ] } },
{ "type": "Feature", "properties": { "id": null, "dt_code": "327", "district": "Darjeeling", "st_nm": "West Bengal", "st_code": "19", "year": "2011_c" }, "geometry": { "type": "Polygon", "coordinates": [ [ [ 88.412890435553393, 27.025630196779964 ], [ 88.422122523054412, 27.009408883778637 ], [ 88.390469651622354, 26.98822186271568 ], [ 88.418165914125396, 26.981931965837614 ], [ 88.423771110108163, 26.956441331121241 ], [ 88.438938111002685, 26.960744944774657 ], [ 88.443224437342451, 26.938233734895263 ], [ 88.475207026185259, 26.913074147383 ], [ 88.478833917703511, 26.879969426972128 ], [ 88.47718533064976, 26.880962568584454 ], [ 88.478833917703511, 26.878645238155691 ], [ 88.51048678913557, 26.84057480968319 ], [ 88.51180565877857, 26.838919573662647 ], [ 88.484439113686278, 26.852823556235215 ], [ 88.442565002520951, 26.835278054417451 ], [ 88.430695175733931, 26.819387788620233 ], [ 88.437289523948934, 26.810118466905188 ], [ 88.429376306090916, 26.812766844538057 ], [ 88.43036545832318, 26.797869720353166 ], [ 88.442894719931701, 26.783965737780598 ], [ 88.432343762787681, 26.778006888106642 ], [ 88.436959806538184, 26.758806150268338 ], [ 88.423441392697413, 26.754171489410815 ], [ 88.422122523054412, 26.737950176409488 ], [ 88.425089979751164, 26.72205991061227 ], [ 88.434651784662933, 26.726032477061572 ], [ 88.449818785557454, 26.703521267182182 ], [ 88.437619241359684, 26.692596709446594 ], [ 88.410582413678142, 26.699217653528766 ], [ 88.391458803854604, 26.679023774078136 ], [ 88.391129086443854, 26.678692726874026 ], [ 88.401680043587874, 26.67240282999596 ], [ 88.400031456534123, 26.644263817646721 ], [ 88.409593261445892, 26.631352976686479 ], [ 88.387172477514852, 26.612483286052282 ], [ 88.398712586891122, 26.603876058745456 ], [ 88.376621520370833, 26.595268831438631 ], [ 88.349254975278527, 26.512507030411449 ], [ 88.333428539562505, 26.497278859022448 ], [ 88.333428539562505, 26.497278859022448 ], [ 88.333428539562505, 26.497278859022448 ], [ 88.321888430186235, 26.497609906226558 ], [ 88.291554428397177, 26.491651056552598 ], [ 88.284960080182159, 26.48105754602112 ], [ 88.26352844848337, 26.486354301286859 ], [ 88.240448229730831, 26.458877383345836 ], [ 88.240777947141581, 26.45788424173351 ], [ 88.24011851232008, 26.457553194529403 ], [ 88.21505998910304, 26.477084979571817 ], [ 88.22758925071156, 26.491982103756708 ], [ 88.198244401154753, 26.484699065266316 ], [ 88.182088248027981, 26.505555039125166 ], [ 88.235502468569578, 26.544949656414104 ], [ 88.230886424819062, 26.572426574355127 ], [ 88.21571942392454, 26.573419715967454 ], [ 88.218357163210541, 26.55355688372093 ], [ 88.189342031064498, 26.559515733394889 ], [ 88.179120791331229, 26.544949656414104 ], [ 88.16856983418721, 26.55355688372093 ], [ 88.166591529722709, 26.535680334699059 ], [ 88.14581933284542, 26.522107399330601 ], [ 88.105264091323093, 26.55123955329217 ], [ 88.112847591770361, 26.572426574355127 ], [ 88.130322614540134, 26.573419715967454 ], [ 88.141862723916404, 26.624732032604307 ], [ 88.160326898918441, 26.636649731952218 ], [ 88.187034009189233, 26.771385944024466 ], [ 88.166261812311959, 26.848850989785909 ], [ 88.171537290883961, 26.86672753880778 ], [ 88.138565549808902, 26.897514928789889 ], [ 88.143841028380905, 26.921350327485719 ], [ 88.121090527039115, 26.950482481447285 ], [ 88.132960353826149, 26.982263013041724 ], [ 88.091086242660822, 27.00609841173755 ], [ 88.079875850695302, 27.03423742408679 ], [ 88.039980043994476, 27.035561612903226 ], [ 88.017559260063436, 27.074625182988054 ], [ 88.021845586403188, 27.086873929540079 ], [ 87.991841302024895, 27.108391997807146 ], [ 87.993489889078646, 27.12991006607421 ], [ 88.008986607383918, 27.141165671013908 ], [ 88.019537564527937, 27.170297824975474 ], [ 88.014921520777435, 27.211678725489065 ], [ 88.039980043994476, 27.220617 ], [ 88.078886698463052, 27.201416262161693 ], [ 88.074270654712535, 27.185525996364476 ], [ 88.096032003822074, 27.13355158531941 ], [ 88.153732550703424, 27.109716186623579 ], [ 88.18175853061723, 27.132558443707083 ], [ 88.21571942392454, 27.131565302094756 ], [ 88.232205294462076, 27.118654461134515 ], [ 88.302105385541196, 27.128916924461883 ], [ 88.316612951614218, 27.125606452420797 ], [ 88.324526169472236, 27.105412572970167 ], [ 88.342001192242023, 27.109716186623579 ], [ 88.356508758315044, 27.095481156846905 ], [ 88.432014045376931, 27.080252985457903 ], [ 88.425749414572664, 27.071314710946968 ], [ 88.41849563153616, 27.061383294823706 ], [ 88.412890435553393, 27.025630196779964 ] ] ] } },
{ "type": "Feature", "properties": { "id": null, "dt_code": "328", "district": "Jalpaiguri", "st_nm": "West Bengal", "st_code": "19", "year": "2011_c" }, "geometry": { "type": "Polygon", "coordinates": [ [ [ 88.478833917703511, 26.879969426972128 ], [ 88.51147594136782, 26.863086019562584 ], [ 88.573133097178186, 26.888576654278957 ], [ 88.602807664145729, 26.879638379768018 ], [ 88.620282686915516, 26.905129014484391 ], [ 88.634460535577787, 26.905791108892608 ], [ 88.635779405220788, 26.930288601996654 ], [ 88.658529906562578, 26.967034841652723 ], [ 88.668421428885097, 26.945516773385656 ], [ 88.663475667723844, 26.925984988343242 ], [ 88.75942343425227, 26.925653941139132 ], [ 88.755796542734004, 26.963724369611633 ], [ 88.789427718630563, 26.991201287552659 ], [ 88.867900462389201, 26.965048558428069 ], [ 88.870867919085967, 26.964055416815743 ], [ 88.873175940961218, 26.943861537365112 ], [ 88.920325530698548, 26.994180712389635 ], [ 88.948351510612355, 26.967034841652723 ], [ 88.941097727575837, 26.930950696404871 ], [ 88.975388338293897, 26.912743100178893 ], [ 89.016273297226974, 26.937571640487047 ], [ 89.021878493209726, 26.922674516302152 ], [ 89.041991255265515, 26.916384619424086 ], [ 89.043969559730016, 26.901818542443305 ], [ 89.089470562413609, 26.889238748687173 ], [ 89.085184236073843, 26.868713822032433 ], [ 89.098043215093114, 26.858120311500954 ], [ 89.09045971464586, 26.84057480968319 ], [ 89.09012999723511, 26.839581668070863 ], [ 89.092767736521111, 26.813759986150384 ], [ 89.069028082947071, 26.761123480697098 ], [ 89.075292713751324, 26.748874734145076 ], [ 89.06704977848257, 26.700210795141093 ], [ 89.042320972676265, 26.631352976686479 ], [ 89.045288429373031, 26.613145380460502 ], [ 89.06737949589332, 26.596593020255064 ], [ 89.074303561519073, 26.603876058745456 ], [ 89.074633278929824, 26.594937784234521 ], [ 89.105296998129631, 26.592620453805758 ], [ 89.104637563308131, 26.591627312193435 ], [ 89.098043215093114, 26.578054376824976 ], [ 89.093097453931861, 26.567129819089388 ], [ 89.10199982402213, 26.563488299844192 ], [ 89.103648411075881, 26.538990806740145 ], [ 89.115847955273651, 26.541639184373018 ], [ 89.119145129381153, 26.524093682555254 ], [ 89.119474846791903, 26.524093682555254 ], [ 89.119474846791903, 26.522438446534711 ], [ 89.072984691876073, 26.533694051474406 ], [ 89.051882777588034, 26.534356145882626 ], [ 89.044628994551516, 26.529721485025103 ], [ 89.022208210620477, 26.515486455248428 ], [ 88.962199641863876, 26.538659759536039 ], [ 88.963848228917627, 26.524424729759364 ], [ 88.947032640969354, 26.501582472675864 ], [ 88.932854792307069, 26.500258283859427 ], [ 88.936811401236085, 26.470795082693751 ], [ 88.921644400341549, 26.463843091407469 ], [ 88.899223616410509, 26.470795082693751 ], [ 88.92296326998455, 26.45556691130475 ], [ 88.925601009270565, 26.453911675284207 ], [ 88.926590161502816, 26.45324958087599 ], [ 88.882078311051487, 26.440007692711639 ], [ 88.873835375782718, 26.405247736280224 ], [ 88.860316961941948, 26.391674800911765 ], [ 88.798989523542332, 26.377439771135091 ], [ 88.775579587379042, 26.396971556177505 ], [ 88.77195269586079, 26.395978414565178 ], [ 88.758434282020005, 26.373798251889895 ], [ 88.749202194519, 26.355921702868024 ], [ 88.758434282020005, 26.33440363460096 ], [ 88.76041258648452, 26.330100020947544 ], [ 88.76041258648452, 26.330100020947544 ], [ 88.76041258648452, 26.329768973743437 ], [ 88.743596998536233, 26.288719120433953 ], [ 88.717549323086942, 26.288388073229846 ], [ 88.718868192729943, 26.279118751514801 ], [ 88.684577582011883, 26.275146185065498 ], [ 88.688863908351635, 26.265876863350453 ], [ 88.677983233796866, 26.255283352818974 ], [ 88.664464819956095, 26.257931730451844 ], [ 88.668421428885097, 26.293684828495586 ], [ 88.683258712368882, 26.278125609902474 ], [ 88.706009213710672, 26.28507760118876 ], [ 88.682928994958132, 26.291036450862716 ], [ 88.672707755224863, 26.314540802354436 ], [ 88.691501647637637, 26.324803265681805 ], [ 88.694469104334402, 26.30791985827226 ], [ 88.744586150768484, 26.320499652028392 ], [ 88.746894172643735, 26.330100020947544 ], [ 88.732386606570714, 26.326789548906458 ], [ 88.743596998536233, 26.346652381152982 ], [ 88.732716323981464, 26.352942278031048 ], [ 88.700404017727905, 26.329437926539327 ], [ 88.687545038708635, 26.361218458133763 ], [ 88.693150234691387, 26.371811968665241 ], [ 88.680950690493617, 26.375122440706331 ], [ 88.701063452549405, 26.386378045646026 ], [ 88.669410581117347, 26.394654225748745 ], [ 88.686226169065634, 26.399950981014484 ], [ 88.685237016833383, 26.410213444341856 ], [ 88.667761994063596, 26.404254594667897 ], [ 88.644681775311057, 26.415510199607596 ], [ 88.648968101650809, 26.426434757343181 ], [ 88.621931273969267, 26.43206255981303 ], [ 88.620612404326266, 26.469139846673208 ], [ 88.596872750752226, 26.469801941081425 ], [ 88.590278402537209, 26.447290731202031 ], [ 88.55796609628365, 26.457222147325293 ], [ 88.556317509229899, 26.483374876449883 ], [ 88.529940116369858, 26.47840916838825 ], [ 88.520378311458089, 26.508203416758036 ], [ 88.48872544002603, 26.508865511166253 ], [ 88.483120244043263, 26.539321853944255 ], [ 88.457732003415472, 26.543956514801778 ], [ 88.445202741806952, 26.533031957066189 ], [ 88.421133370822162, 26.563157252640082 ], [ 88.414868740017894, 26.629035646257719 ], [ 88.400031456534123, 26.644263817646721 ], [ 88.401680043587874, 26.67240282999596 ], [ 88.391129086443854, 26.678692726874026 ], [ 88.391458803854604, 26.679023774078136 ], [ 88.410582413678142, 26.699217653528766 ], [ 88.437619241359684, 26.692596709446594 ], [ 88.449818785557454, 26.703521267182182 ], [ 88.434651784662933, 26.726032477061572 ], [ 88.425089979751164, 26.72205991061227 ], [ 88.422122523054412, 26.737950176409488 ], [ 88.423441392697413, 26.754171489410815 ], [ 88.436959806538184, 26.758806150268338 ], [ 88.432343762787681, 26.778006888106642 ], [ 88.442894719931701, 26.783965737780598 ], [ 88.43036545832318, 26.797869720353166 ], [ 88.429376306090916, 26.812766844538057 ], [ 88.437289523948934, 26.810118466905188 ], [ 88.430695175733931, 26.819387788620233 ], [ 88.442565002520951, 26.835278054417451 ], [ 88.484439113686278, 26.852823556235215 ], [ 88.51180565877857, 26.838919573662647 ], [ 88.51048678913557, 26.84057480968319 ], [ 88.478833917703511, 26.878645238155691 ], [ 88.47718533064976, 26.880962568584454 ], [ 88.478833917703511, 26.879969426972128 ] ] ] } },
{ "type": "Feature", "properties": { "id": null, "dt_code": "331", "district": "Dakshin Dinajpur", "st_nm": "West Bengal", "st_code": "19", "year": "2011_c" }, "geometry": { "type": "Polygon", "coordinates": [ [ [ 88.419814501179161, 25.604444549541231 ], [ 88.413549870374894, 25.593851039009753 ], [ 88.423441392697413, 25.587230094927577 ], [ 88.446191894039202, 25.58921637815223 ], [ 88.446191894039202, 25.595175227826189 ], [ 88.456083416361722, 25.598485699867275 ], [ 88.468282960559492, 25.582926481274164 ], [ 88.49927639717005, 25.583919622886491 ], [ 88.494000918598033, 25.558097940966011 ], [ 88.52334576815484, 25.534593589474291 ], [ 88.532907573066609, 25.541545580760577 ], [ 88.539831638692377, 25.508440860349701 ], [ 88.554009487354648, 25.521020654105833 ], [ 88.587970380661957, 25.506454577125051 ], [ 88.608742577539246, 25.516385993248313 ], [ 88.622260991380017, 25.497185255410006 ], [ 88.648308666829308, 25.496854208205896 ], [ 88.646330362364807, 25.477653470367592 ], [ 88.660178493616343, 25.481626036816898 ], [ 88.662816232902344, 25.474011951122396 ], [ 88.699744582906405, 25.471363573489526 ], [ 88.709965822639674, 25.480632895204572 ], [ 88.708646952996673, 25.500164680246986 ], [ 88.742607846303983, 25.504799341104508 ], [ 88.744915868179234, 25.487584886490854 ], [ 88.765028630235022, 25.494536877777136 ], [ 88.77096354362854, 25.503144105083962 ], [ 88.75975315166302, 25.524993220555139 ], [ 88.779536196308044, 25.515061804431877 ], [ 88.811189067740102, 25.523337984534596 ], [ 88.812178219972353, 25.489240122511397 ], [ 88.82965324274214, 25.489902216919614 ], [ 88.839215047653909, 25.458452732529288 ], [ 88.826026351223888, 25.442893513936177 ], [ 88.83031267756364, 25.416740784811587 ], [ 88.812178219972353, 25.410119840729415 ], [ 88.840533917296909, 25.397208999769173 ], [ 88.840204199886159, 25.363442184950085 ], [ 88.868559897210702, 25.35185553280628 ], [ 88.86625187533545, 25.341593069478908 ], [ 88.883397180694487, 25.324709662069363 ], [ 88.88801322444499, 25.335965267009058 ], [ 88.906147682036277, 25.336627361417278 ], [ 88.915709486948046, 25.311136726700905 ], [ 88.928238748556566, 25.314778245946101 ], [ 88.939119423111336, 25.2995500745571 ], [ 88.984620425794915, 25.304846829822839 ], [ 89.000117144100187, 25.294915413699577 ], [ 89.008689796779706, 25.301867404985863 ], [ 89.007700644547455, 25.263134882105142 ], [ 88.987258165080917, 25.27372839263662 ], [ 88.952308119541357, 25.247575663512031 ], [ 88.961540207042376, 25.207849999018986 ], [ 88.938789705700586, 25.210829423855962 ], [ 88.93483309677157, 25.199242771712157 ], [ 88.947692075790854, 25.193614969242311 ], [ 88.948681228023105, 25.175407373016331 ], [ 88.93483309677157, 25.180042033873853 ], [ 88.920655248109298, 25.165475956893069 ], [ 88.910104290965279, 25.179379939465637 ], [ 88.87614339765797, 25.17838679785331 ], [ 88.874165093193469, 25.195932299671071 ], [ 88.86493300569245, 25.189311355588899 ], [ 88.8652627231032, 25.199573818916267 ], [ 88.843171656582911, 25.213477801488835 ], [ 88.80624330657885, 25.169779570546481 ], [ 88.774590435146791, 25.17838679785331 ], [ 88.770304108807039, 25.188980308384789 ], [ 88.749861629340501, 25.176400514628657 ], [ 88.734694628445965, 25.18401460032316 ], [ 88.733375758802964, 25.198580677303941 ], [ 88.687215321297884, 25.208843140631313 ], [ 88.671388885581862, 25.198580677303941 ], [ 88.613028903878998, 25.20387743256968 ], [ 88.578408575750188, 25.177062609036874 ], [ 88.559944400748151, 25.175076325812221 ], [ 88.55796609628365, 25.192290780425875 ], [ 88.53422644270961, 25.187325072364246 ], [ 88.536864181995611, 25.197587535691614 ], [ 88.497298092705549, 25.211160471060072 ], [ 88.474547591363759, 25.213477801488835 ], [ 88.463337199398239, 25.195601252466965 ], [ 88.435640936895183, 25.200235913324484 ], [ 88.46465606904124, 25.271080015003751 ], [ 88.456413133772472, 25.261810693288705 ], [ 88.455423981540221, 25.262141740492815 ], [ 88.439597545824185, 25.278694100698253 ], [ 88.448829633325204, 25.308157301863929 ], [ 88.443224437342451, 25.311467773905015 ], [ 88.437289523948934, 25.314778245946101 ], [ 88.433332915019932, 25.317095576374864 ], [ 88.41882534894691, 25.315109293150211 ], [ 88.416847044482395, 25.315109293150211 ], [ 88.415198457428644, 25.314778245946101 ], [ 88.418165914125396, 25.314116151537885 ], [ 88.428057436447915, 25.308157301863929 ], [ 88.426738566804914, 25.304846829822839 ], [ 88.420144218589911, 25.301536357781753 ], [ 88.402998913230874, 25.295577508107797 ], [ 88.393437108319105, 25.304846829822839 ], [ 88.378929542246084, 25.289949705637948 ], [ 88.335077126616255, 25.305177877026949 ], [ 88.325845039115237, 25.296239602516014 ], [ 88.302764820362697, 25.299219027352994 ], [ 88.283641210539159, 25.316764529170754 ], [ 88.282981775717658, 25.317095576374864 ], [ 88.282652058306908, 25.316764529170754 ], [ 88.268474209644637, 25.30286054659819 ], [ 88.267485057412387, 25.304184735414623 ], [ 88.256934100268367, 25.317426623578971 ], [ 88.22791896812231, 25.319743954007734 ], [ 88.21637885874604, 25.332323747763866 ], [ 88.213081684638539, 25.331992700559756 ], [ 88.196925531511752, 25.329675370130992 ], [ 88.171537290883961, 25.326364898089906 ], [ 88.178131639098979, 25.344572494315887 ], [ 88.163294355615193, 25.369069987419934 ], [ 88.186374574367733, 25.376021978706216 ], [ 88.172856160526962, 25.385291300421258 ], [ 88.166261812311959, 25.426672200934849 ], [ 88.195606661868752, 25.425679059322523 ], [ 88.217697728389041, 25.441238277915634 ], [ 88.26220957884037, 25.433955239425242 ], [ 88.264187883304871, 25.464411582203244 ], [ 88.256934100268367, 25.478646611979919 ], [ 88.256604382857617, 25.483281272837441 ], [ 88.278036014556406, 25.491557452940157 ], [ 88.288916689111176, 25.51439971002366 ], [ 88.322877582418485, 25.534924636678401 ], [ 88.325515321704486, 25.559422129782448 ], [ 88.335077126616255, 25.554125374516708 ], [ 88.359146497601046, 25.566705168272836 ], [ 88.368378585102064, 25.59219580298921 ], [ 88.391129086443854, 25.595506275030296 ], [ 88.401020608766373, 25.606761879969994 ], [ 88.419814501179161, 25.604444549541231 ] ] ] } },
{ "type": "Feature", "properties": { "id": null, "dt_code": "332", "district": "Maldah", "st_nm": "West Bengal", "st_code": "19", "year": "2011_c" }, "geometry": { "type": "Polygon", "coordinates": [ [ [ 88.268474209644637, 25.30286054659819 ], [ 88.282652058306908, 25.316764529170754 ], [ 88.282981775717658, 25.317095576374864 ], [ 88.283641210539159, 25.316764529170754 ], [ 88.302764820362697, 25.299219027352994 ], [ 88.325845039115237, 25.296239602516014 ], [ 88.335077126616255, 25.305177877026949 ], [ 88.378929542246084, 25.289949705637948 ], [ 88.393437108319105, 25.304846829822839 ], [ 88.402998913230874, 25.295577508107797 ], [ 88.420144218589911, 25.301536357781753 ], [ 88.426738566804914, 25.304846829822839 ], [ 88.428057436447915, 25.308157301863929 ], [ 88.418165914125396, 25.314116151537885 ], [ 88.415198457428644, 25.314778245946101 ], [ 88.416847044482395, 25.315109293150211 ], [ 88.41882534894691, 25.315109293150211 ], [ 88.433332915019932, 25.317095576374864 ], [ 88.437289523948934, 25.314778245946101 ], [ 88.443224437342451, 25.311467773905015 ], [ 88.448829633325204, 25.308157301863929 ], [ 88.439597545824185, 25.278694100698253 ], [ 88.455423981540221, 25.262141740492815 ], [ 88.456413133772472, 25.261810693288705 ], [ 88.46465606904124, 25.271080015003751 ], [ 88.435640936895183, 25.200235913324484 ], [ 88.4415758502887, 25.174083184199898 ], [ 88.460699460112224, 25.149916738299961 ], [ 88.44190556769945, 25.127074481216457 ], [ 88.45311595966497, 25.079072636620694 ], [ 88.435311219484433, 25.055568285128974 ], [ 88.45278624225422, 25.036698594494776 ], [ 88.436630089127434, 25.006904346124994 ], [ 88.425089979751164, 25.016173667840036 ], [ 88.412231000731893, 24.997966071614059 ], [ 88.416187609660895, 24.973468578510012 ], [ 88.404647500284625, 24.979427428183968 ], [ 88.394426260551356, 24.969827059264816 ], [ 88.397723434658872, 24.945660613364879 ], [ 88.380578129299835, 24.939701763690923 ], [ 88.363103106530048, 24.953605746263488 ], [ 88.340022887777508, 24.94069490530325 ], [ 88.336066278848506, 24.918845789832073 ], [ 88.324196452061486, 24.913880081770444 ], [ 88.345957801171025, 24.894348296728026 ], [ 88.327823343579738, 24.871174992440416 ], [ 88.319250690900219, 24.884747927808874 ], [ 88.302435102951947, 24.872168134052743 ], [ 88.301445950719696, 24.886403163829417 ], [ 88.277706297145656, 24.889051541462287 ], [ 88.276387427502655, 24.897989815973226 ], [ 88.257923252500618, 24.878458030930808 ], [ 88.26319873107262, 24.911231704137574 ], [ 88.225940663657809, 24.959895643141554 ], [ 88.16988870383021, 24.950295274222402 ], [ 88.15702972481094, 24.934073961221074 ], [ 88.137576397576652, 24.936060244445727 ], [ 88.139884419451903, 24.913880081770444 ], [ 88.16889955159796, 24.892362013503377 ], [ 88.151754246238923, 24.885078975012984 ], [ 88.174504747580713, 24.860912529113047 ], [ 88.160986333739942, 24.848994829765132 ], [ 88.140543854273403, 24.849987971377459 ], [ 88.14647876766692, 24.843367027295287 ], [ 88.131311766772384, 24.836083988804894 ], [ 88.135268375701401, 24.805296598822782 ], [ 88.12207967927138, 24.823173147844653 ], [ 88.104274939090843, 24.800992985169369 ], [ 88.104604656501593, 24.779805964106412 ], [ 88.088118785964056, 24.783116436147498 ], [ 88.068006023908282, 24.770536642391367 ], [ 88.061741393104015, 24.721872703387383 ], [ 88.027450782385955, 24.691085313405274 ], [ 87.962826169878838, 24.752660093369496 ], [ 87.89721240513947, 24.860581481908937 ], [ 87.960518148003587, 24.920832073056726 ], [ 87.953923799788569, 24.978103239367535 ], [ 87.795659442628292, 25.087348816723413 ], [ 87.800605203789544, 25.117805159501415 ], [ 87.779173572090755, 25.143626841421895 ], [ 87.778514137269255, 25.25055508834901 ], [ 87.711251785476136, 25.257838126839403 ], [ 87.762687701553233, 25.265452212533901 ], [ 87.818409943970082, 25.241947861042185 ], [ 87.846765641294624, 25.264459070921575 ], [ 87.847095358705388, 25.304515782618733 ], [ 87.784119333252022, 25.340268880662475 ], [ 87.789394811824025, 25.377015120318539 ], [ 87.764995723428484, 25.383967111604825 ], [ 87.766974027892985, 25.416078690403371 ], [ 87.778514137269255, 25.410450887933521 ], [ 87.773568376108003, 25.428989531363609 ], [ 87.787086789948773, 25.449183410814243 ], [ 87.821377400666833, 25.435941522649895 ], [ 87.83918214084737, 25.46805310144844 ], [ 87.864240664064411, 25.464411582203244 ], [ 87.866218968528912, 25.496854208205896 ], [ 87.88534257835245, 25.509434001962028 ], [ 87.884023708709449, 25.520689606901726 ], [ 87.902817601122237, 25.504799341104508 ], [ 87.915676580141508, 25.533931495066074 ], [ 87.959528995771336, 25.538566155923597 ], [ 87.984917236399127, 25.525655314963355 ], [ 88.004370563633415, 25.496192113797679 ], [ 88.002062541758164, 25.51439971002366 ], [ 88.012283781491433, 25.51439971002366 ], [ 88.030747956493457, 25.49056431132783 ], [ 88.065698002033017, 25.489240122511397 ], [ 88.079216415873802, 25.458452732529288 ], [ 88.083502742213554, 25.448190269201916 ], [ 88.084162177035054, 25.44719712758959 ], [ 88.096691438643575, 25.443555608344393 ], [ 88.098999460518826, 25.431637908996478 ], [ 88.112847591770361, 25.435279428241675 ], [ 88.093394264536073, 25.42170649287322 ], [ 88.109550417662845, 25.417402879219804 ], [ 88.101307482394091, 25.404823085463676 ], [ 88.115485331056362, 25.407140415892435 ], [ 88.097680590875825, 25.383305017196605 ], [ 88.12273911409288, 25.365097420970628 ], [ 88.107901830609094, 25.326695945294016 ], [ 88.126366005611132, 25.298225885740667 ], [ 88.102296634626342, 25.289618658433838 ], [ 88.109220700252095, 25.285315044780425 ], [ 88.099329177929576, 25.275052581453057 ], [ 88.121420244449865, 25.271411062207861 ], [ 88.126695723021882, 25.243934144266834 ], [ 88.150435376595922, 25.272073156616077 ], [ 88.139554702041153, 25.277038864677706 ], [ 88.14548961543467, 25.29723274412834 ], [ 88.160986333739942, 25.304184735414623 ], [ 88.161645768561442, 25.304515782618733 ], [ 88.190990618118249, 25.281011431127013 ], [ 88.214730271692289, 25.313454057129668 ], [ 88.238140207855579, 25.305839971435166 ], [ 88.236491620801829, 25.295246460903687 ], [ 88.267485057412387, 25.30219845218997 ], [ 88.268474209644637, 25.30286054659819 ] ] ] } },
{ "type": "Feature", "properties": { "id": null, "dt_code": "333", "district": "Murshidabad", "st_nm": "West Bengal", "st_code": "19", "year": "2011_c" }, "geometry": { "type": "Polygon", "coordinates": [ [ [ 87.962826169878838, 24.752660093369496 ], [ 88.027450782385955, 24.691085313405274 ], [ 88.048552696673994, 24.670891433954644 ], [ 88.050860718549245, 24.652683837728663 ], [ 88.087789068553306, 24.616599692480811 ], [ 88.108890982841345, 24.577536122395983 ], [ 88.106582960966094, 24.554362818108373 ], [ 88.132960353826149, 24.509671445553696 ], [ 88.183077400260231, 24.489477566103062 ], [ 88.19165005293975, 24.475573583530498 ], [ 88.335077126616255, 24.443130957527842 ], [ 88.382556433764336, 24.395460160136189 ], [ 88.479163635114261, 24.353417165214381 ], [ 88.495979223062548, 24.328919672110334 ], [ 88.525324072619341, 24.315346736741876 ], [ 88.559284965926651, 24.308063698251487 ], [ 88.567198183784669, 24.326271294477465 ], [ 88.586321793608207, 24.324616058456922 ], [ 88.597861902984477, 24.311043123088464 ], [ 88.648638384240058, 24.310712075884354 ], [ 88.651935558347574, 24.299456470944659 ], [ 88.683588429779633, 24.324285011252812 ], [ 88.726121975766461, 24.296145998903572 ], [ 88.741288976660982, 24.254103003981765 ], [ 88.731727171749213, 24.174320627791563 ], [ 88.746564455232985, 24.14717475705465 ], [ 88.697106843620404, 24.119035744705407 ], [ 88.700733735138655, 24.096855582030123 ], [ 88.701063452549405, 24.09453825160136 ], [ 88.671059168171098, 24.084606835478098 ], [ 88.681280407904367, 24.077985891395926 ], [ 88.679631820850616, 24.077654844191816 ], [ 88.680620973082867, 24.077323796987709 ], [ 88.650286971293824, 24.068385522476774 ], [ 88.642044036025055, 24.052826303883663 ], [ 88.630833644059535, 24.029984046800159 ], [ 88.649627536472323, 24.010452261757745 ], [ 88.628525622184284, 23.984630579837265 ], [ 88.627206752541269, 23.984299532633159 ], [ 88.625887882898269, 23.984299532633159 ], [ 88.614677490932749, 23.982975343816722 ], [ 88.595883598519976, 23.99952770402216 ], [ 88.58071659762544, 24.030977188412486 ], [ 88.550052878425632, 24.038922321311098 ], [ 88.543458530210629, 23.99886560961394 ], [ 88.51180565877857, 23.991582571123551 ], [ 88.52367548556559, 23.95251900103872 ], [ 88.51147594136782, 23.957153661896243 ], [ 88.490044309669031, 23.938615018466155 ], [ 88.458061720826223, 23.92934569675111 ], [ 88.509167919492569, 23.896572023544348 ], [ 88.510157071724819, 23.895909929136131 ], [ 88.5002655494023, 23.887633749033412 ], [ 88.485428265918529, 23.899551448381324 ], [ 88.463007481987489, 23.890282126666282 ], [ 88.47652589582826, 23.838638762825322 ], [ 88.478504200292761, 23.83135572433493 ], [ 88.47652589582826, 23.829700488314387 ], [ 88.473228721720744, 23.827052110681517 ], [ 88.462348047165989, 23.818113836170582 ], [ 88.461029177522974, 23.820762213803452 ], [ 88.447840481092953, 23.855191123030757 ], [ 88.414209305196394, 23.804209853598014 ], [ 88.408604109213641, 23.820762213803452 ], [ 88.377280955192333, 23.814141269721276 ], [ 88.352552149386042, 23.830031535518494 ], [ 88.334417691794755, 23.80785137284321 ], [ 88.269793079287638, 23.811492892088406 ], [ 88.23846992526633, 23.801892523169254 ], [ 88.240448229730831, 23.772429322003578 ], [ 88.241107664552331, 23.767132566737839 ], [ 88.240777947141581, 23.766801519533729 ], [ 88.23945907749858, 23.765477330717296 ], [ 88.232535011872827, 23.75918743383923 ], [ 88.22857840294381, 23.760180575451553 ], [ 88.187693444010733, 23.770443038778925 ], [ 88.176812769455978, 23.760842669859773 ], [ 88.152413681060423, 23.740317743205033 ], [ 88.14548961543467, 23.734027846326967 ], [ 88.14483018061317, 23.733696799122857 ], [ 88.136587245344401, 23.734027846326967 ], [ 88.132300919004635, 23.734027846326967 ], [ 88.131971201593885, 23.734027846326967 ], [ 88.124057983735881, 23.751242300940618 ], [ 88.102626352037092, 23.753890678573487 ], [ 88.081524437749053, 23.723103288591378 ], [ 88.060422523461014, 23.722772241387268 ], [ 88.060092806050264, 23.723434335795488 ], [ 88.036682869886974, 23.760511622655663 ], [ 88.041298913637476, 23.773422463615905 ], [ 88.058773936407263, 23.772098274799468 ], [ 88.059763088639514, 23.780705502106294 ], [ 88.031077673904207, 23.794940531882972 ], [ 88.030088521671956, 23.817451741762362 ], [ 88.009646042205418, 23.844597612499278 ], [ 87.968101648450855, 23.844597612499278 ], [ 87.974366279255108, 23.832679913151363 ], [ 87.96678277880784, 23.809506608863753 ], [ 87.95623182166382, 23.808844514455537 ], [ 87.929854428803779, 23.826721063477407 ], [ 87.935459624786546, 23.83334200755958 ], [ 87.925568102464027, 23.840625046049972 ], [ 87.890618056924453, 23.839631904437645 ], [ 87.886661447995451, 23.861812067112933 ], [ 87.876110490851431, 23.853866934214324 ], [ 87.868526990404163, 23.870088247215648 ], [ 87.855997728795643, 23.868101963990998 ], [ 87.863910946653661, 23.878364427318367 ], [ 87.848743945759139, 23.887964796237519 ], [ 87.848414228348389, 23.889288985053955 ], [ 87.846435923883874, 23.896903070748454 ], [ 87.843138749776372, 23.909813911708696 ], [ 87.844457619419373, 23.910476006116912 ], [ 87.866548685939662, 23.919745327831958 ], [ 87.865229816296662, 23.947884340181197 ], [ 87.854019424331142, 23.966091936407178 ], [ 87.848414228348389, 23.969402408448264 ], [ 87.85072225022364, 23.971057644468807 ], [ 87.859954337724659, 23.977347541346873 ], [ 87.857646315849394, 23.99886560961394 ], [ 87.869845860047178, 24.013100639390615 ], [ 87.86094348995691, 24.02468729153442 ], [ 87.86160292477841, 24.02534938594264 ], [ 87.86292179442141, 24.026673574759073 ], [ 87.876110490851431, 24.040246510127531 ], [ 87.89754212255022, 24.043888029372727 ], [ 87.895563818085719, 24.078647985804142 ], [ 87.895893535496469, 24.079310080212359 ], [ 87.898860992193221, 24.082620552253449 ], [ 87.911390253801741, 24.096193487621903 ], [ 87.910730818980241, 24.100166054071209 ], [ 87.903806753354488, 24.105131762132842 ], [ 87.891277491745967, 24.114401083847884 ], [ 87.909741666747991, 24.133932868890298 ], [ 87.89655297031797, 24.144857426625887 ], [ 87.899190709603971, 24.162071881239541 ], [ 87.93249216808978, 24.174982722199779 ], [ 87.91963318907051, 24.186900421547694 ], [ 87.930513863625279, 24.199811262507936 ], [ 87.985246953809877, 24.19021089358878 ], [ 87.989203562738879, 24.21404629228461 ], [ 87.995468193543147, 24.209080584222978 ], [ 88.006348868097916, 24.21934304755035 ], [ 87.997446498007648, 24.243509493450286 ], [ 88.023164456046203, 24.247813107103699 ], [ 88.023494173456953, 24.252116720757112 ], [ 88.013272933723684, 24.283566205147441 ], [ 88.017229542652686, 24.310381028680247 ], [ 87.991841302024895, 24.314022547925443 ], [ 87.993160171667895, 24.329912813722661 ], [ 87.956891256485335, 24.341499465866466 ], [ 87.95524266943157, 24.363348581337643 ], [ 87.959528995771336, 24.375597327889665 ], [ 87.973377127022857, 24.376921516706098 ], [ 87.97865260559486, 24.416647181199146 ], [ 87.973377127022857, 24.474911489122281 ], [ 87.962826169878838, 24.487822330082519 ], [ 87.9437025600553, 24.488153377286629 ], [ 87.948648321216567, 24.516954484044089 ], [ 87.937767646661797, 24.520596003289285 ], [ 87.935129907375796, 24.53185160822898 ], [ 87.921941210945761, 24.544431401985111 ], [ 87.889628904692202, 24.543438260372785 ], [ 87.888969469870702, 24.543438260372785 ], [ 87.889958622102952, 24.553038629291937 ], [ 87.892596361388968, 24.58150868884529 ], [ 87.90875251451574, 24.585812302498702 ], [ 87.911390253801741, 24.610309795602745 ], [ 87.875121338619181, 24.613620267643835 ], [ 87.905785057818989, 24.614944456460268 ], [ 87.914357710498507, 24.637124619135552 ], [ 87.916995449784508, 24.665925725893011 ], [ 87.888639752459952, 24.679167614057359 ], [ 87.90776336228349, 24.721210608979167 ], [ 87.890288339513702, 24.724852128224363 ], [ 87.882704839066449, 24.741404488429801 ], [ 87.865559533707412, 24.732466213918865 ], [ 87.818080226559331, 24.754977423798259 ], [ 87.834895814507604, 24.789406333025564 ], [ 87.836544401561369, 24.765901981533844 ], [ 87.854349141741892, 24.761598367880431 ], [ 87.869186425225678, 24.774840256044779 ], [ 87.868526990404163, 24.789075285821454 ], [ 87.881715686834198, 24.799006701944716 ], [ 87.868856707814928, 24.824166289456979 ], [ 87.900179861836222, 24.823173147844653 ], [ 87.890618056924453, 24.855284726643198 ], [ 87.89754212255022, 24.859257293092504 ], [ 87.962826169878838, 24.752660093369496 ] ] ] } },
{ "type": "Feature", "properties": { "id": null, "dt_code": "334", "district": "Birbhum", "st_nm": "West Bengal", "st_code": "19", "year": "2011_c" }, "geometry": { "type": "Polygon", "coordinates": [ [ [ 87.889958622102952, 24.553038629291937 ], [ 87.888969469870702, 24.543438260372785 ], [ 87.889628904692202, 24.543438260372785 ], [ 87.921941210945761, 24.544431401985111 ], [ 87.935129907375796, 24.53185160822898 ], [ 87.937767646661797, 24.520596003289285 ], [ 87.948648321216567, 24.516954484044089 ], [ 87.9437025600553, 24.488153377286629 ], [ 87.962826169878838, 24.487822330082519 ], [ 87.973377127022857, 24.474911489122281 ], [ 87.97865260559486, 24.416647181199146 ], [ 87.973377127022857, 24.376921516706098 ], [ 87.959528995771336, 24.375597327889665 ], [ 87.95524266943157, 24.363348581337643 ], [ 87.956891256485335, 24.341499465866466 ], [ 87.993160171667895, 24.329912813722661 ], [ 87.991841302024895, 24.314022547925443 ], [ 88.017229542652686, 24.310381028680247 ], [ 88.013272933723684, 24.283566205147441 ], [ 88.023494173456953, 24.252116720757112 ], [ 88.023164456046203, 24.247813107103699 ], [ 87.997446498007648, 24.243509493450286 ], [ 88.006348868097916, 24.21934304755035 ], [ 87.995468193543147, 24.209080584222978 ], [ 87.989203562738879, 24.21404629228461 ], [ 87.985246953809877, 24.19021089358878 ], [ 87.930513863625279, 24.199811262507936 ], [ 87.91963318907051, 24.186900421547694 ], [ 87.93249216808978, 24.174982722199779 ], [ 87.899190709603971, 24.162071881239541 ], [ 87.89655297031797, 24.144857426625887 ], [ 87.909741666747991, 24.133932868890298 ], [ 87.891277491745967, 24.114401083847884 ], [ 87.903806753354488, 24.105131762132842 ], [ 87.910730818980241, 24.100166054071209 ], [ 87.911390253801741, 24.096193487621903 ], [ 87.898860992193221, 24.082620552253449 ], [ 87.895893535496469, 24.079310080212359 ], [ 87.895563818085719, 24.078647985804142 ], [ 87.89754212255022, 24.043888029372727 ], [ 87.876110490851431, 24.040246510127531 ], [ 87.86292179442141, 24.026673574759073 ], [ 87.86160292477841, 24.02534938594264 ], [ 87.86094348995691, 24.02468729153442 ], [ 87.869845860047178, 24.013100639390615 ], [ 87.857646315849394, 23.99886560961394 ], [ 87.859954337724659, 23.977347541346873 ], [ 87.85072225022364, 23.971057644468807 ], [ 87.848414228348389, 23.969402408448264 ], [ 87.854019424331142, 23.966091936407178 ], [ 87.865229816296662, 23.947884340181197 ], [ 87.866548685939662, 23.919745327831958 ], [ 87.844457619419373, 23.910476006116912 ], [ 87.843138749776372, 23.909813911708696 ], [ 87.846435923883874, 23.896903070748454 ], [ 87.848414228348389, 23.889288985053955 ], [ 87.848743945759139, 23.887964796237519 ], [ 87.863910946653661, 23.878364427318367 ], [ 87.855997728795643, 23.868101963990998 ], [ 87.868526990404163, 23.870088247215648 ], [ 87.876110490851431, 23.853866934214324 ], [ 87.886661447995451, 23.861812067112933 ], [ 87.890618056924453, 23.839631904437645 ], [ 87.925568102464027, 23.840625046049972 ], [ 87.935459624786546, 23.83334200755958 ], [ 87.929854428803779, 23.826721063477407 ], [ 87.95623182166382, 23.808844514455537 ], [ 87.96678277880784, 23.809506608863753 ], [ 87.949637473448817, 23.776732935656991 ], [ 87.938756798894048, 23.774415605228228 ], [ 87.953923799788569, 23.749918112124185 ], [ 87.934470472554281, 23.729062138265334 ], [ 87.917325167195258, 23.729393185469444 ], [ 87.91996290648126, 23.714827108488659 ], [ 87.910401101569491, 23.718137580529746 ], [ 87.910730818980241, 23.717144438917423 ], [ 87.921941210945761, 23.680729246465461 ], [ 87.911060536390991, 23.66351479185181 ], [ 87.936119059608046, 23.66285269744359 ], [ 87.935129907375796, 23.646631384442262 ], [ 87.959199278360586, 23.631072165849154 ], [ 87.946340299341315, 23.597636398234172 ], [ 87.930513863625279, 23.589691265335563 ], [ 87.929194993982279, 23.57049052749726 ], [ 87.927216689517778, 23.568504244272606 ], [ 87.903477035943737, 23.546324081597323 ], [ 87.898531274782471, 23.54433779837267 ], [ 87.887650600227701, 23.561221205782214 ], [ 87.886991165406201, 23.559897016965778 ], [ 87.8863317305847, 23.561221205782214 ], [ 87.882045404244948, 23.550627695250736 ], [ 87.876110490851431, 23.554600261700038 ], [ 87.87314303415468, 23.557248639332908 ], [ 87.872483599333179, 23.557248639332908 ], [ 87.871824164511679, 23.556917592128801 ], [ 87.847095358705388, 23.550958742454846 ], [ 87.846106206473124, 23.550958742454846 ], [ 87.836544401561369, 23.569166338680823 ], [ 87.80390237789706, 23.559897016965778 ], [ 87.780492441733756, 23.583732415661608 ], [ 87.730705112710424, 23.589360218131453 ], [ 87.707954611368635, 23.619154466501239 ], [ 87.686852697080596, 23.607898861561544 ], [ 87.666410217614057, 23.619816560909456 ], [ 87.646627172969019, 23.604257342316348 ], [ 87.622228084573479, 23.61418875843961 ], [ 87.582002560461902, 23.595981162213629 ], [ 87.571451603317882, 23.598960587050609 ], [ 87.534193535903071, 23.609885144786197 ], [ 87.533863818492321, 23.608892003173871 ], [ 87.529577492152569, 23.615181900051937 ], [ 87.524302013580552, 23.617168183276586 ], [ 87.494627446612995, 23.601940011887585 ], [ 87.489351968040992, 23.603264200704022 ], [ 87.488362815808742, 23.602602106295805 ], [ 87.486714228754991, 23.603926295112238 ], [ 87.446488704643414, 23.614519805643717 ], [ 87.410879224282354, 23.654907564544981 ], [ 87.417473572497357, 23.674108302383289 ], [ 87.408900919817853, 23.687019143343527 ], [ 87.369334830527777, 23.700261031507875 ], [ 87.352848959990254, 23.722772241387268 ], [ 87.286905477840136, 23.725751666224248 ], [ 87.263825259087582, 23.749256017715968 ], [ 87.22392945238677, 23.73800041277627 ], [ 87.208762451492234, 23.749918112124185 ], [ 87.153369926486135, 23.749256017715968 ], [ 87.111495815320822, 23.775077699636448 ], [ 87.089075031389783, 23.814141269721276 ], [ 87.116111859071324, 23.807189278434993 ], [ 87.112155250142322, 23.798913098332275 ], [ 87.140181230056115, 23.80487194800623 ], [ 87.149413317557133, 23.796595767903515 ], [ 87.167218057737671, 23.825065827456864 ], [ 87.129959990322845, 23.853535887010214 ], [ 87.129300555501345, 23.869095105603321 ], [ 87.164910035862405, 23.865122539154019 ], [ 87.181066188989192, 23.852873792601997 ], [ 87.196562907294464, 23.857839500663626 ], [ 87.18930912425796, 23.842280282070519 ], [ 87.205794994795482, 23.856515311847193 ], [ 87.233820974709289, 23.856515311847193 ], [ 87.217335104171752, 23.830031535518494 ], [ 87.240745040335042, 23.825727921865081 ], [ 87.255912041229578, 23.843935518091062 ], [ 87.241074757745793, 23.870419294419758 ], [ 87.246350236317809, 23.908820770096369 ], [ 87.257890345694079, 23.908489722892263 ], [ 87.252614867122062, 23.899882495585434 ], [ 87.269430455070349, 23.874391860869064 ], [ 87.29514841310889, 23.90120668440187 ], [ 87.284597455964871, 23.921731611056611 ], [ 87.292840391233639, 23.959139945120896 ], [ 87.262506389444582, 23.967416125223615 ], [ 87.262836106855332, 24.003500270471463 ], [ 87.24766910596081, 23.99886560961394 ], [ 87.233820974709289, 24.024356244330313 ], [ 87.245361084085559, 24.045212218189164 ], [ 87.288224347483137, 24.028659857983726 ], [ 87.337022524274218, 24.033956613249465 ], [ 87.336033372041967, 24.021045772289227 ], [ 87.319217784093681, 24.007803884124876 ], [ 87.3291093064162, 23.99886560961394 ], [ 87.351530090347239, 23.998534562409834 ], [ 87.360762177848258, 24.012769592186508 ], [ 87.439564639017647, 23.981651155000289 ], [ 87.460007118484185, 23.984299532633159 ], [ 87.460666553305686, 23.99621723198107 ], [ 87.437916051963896, 24.013100639390615 ], [ 87.476492989021722, 24.012107497778288 ], [ 87.512102469382782, 24.035942896474118 ], [ 87.510124164918281, 24.047529548617923 ], [ 87.493308576969994, 24.054150492700096 ], [ 87.492649142148494, 24.076992749783599 ], [ 87.511113317150532, 24.082951599457555 ], [ 87.489681685451743, 24.090234637947948 ], [ 87.500232642595762, 24.101821290091753 ], [ 87.497594903309761, 24.11771155588897 ], [ 87.53188551402782, 24.107118045357492 ], [ 87.54309590599334, 24.085931024294535 ], [ 87.558922341709362, 24.081296363437012 ], [ 87.581013408229651, 24.087586260315078 ], [ 87.574419060014648, 24.111752706215015 ], [ 87.585299734569418, 24.124001452767036 ], [ 87.610358257786459, 24.132277632869755 ], [ 87.575737929657649, 24.161078739627214 ], [ 87.630800737252997, 24.164058164464194 ], [ 87.642011129218517, 24.152802559524496 ], [ 87.664431913149556, 24.157437220382018 ], [ 87.675312587704326, 24.151478370708062 ], [ 87.672674848418325, 24.141878001788907 ], [ 87.695095632349364, 24.149161040279299 ], [ 87.698392806456866, 24.187231468751804 ], [ 87.676961174758077, 24.194514507242197 ], [ 87.674323435472076, 24.207425348202435 ], [ 87.638384237700265, 24.214708386692827 ], [ 87.646297455558269, 24.230267605285938 ], [ 87.638713955111015, 24.254103003981765 ], [ 87.658167282345289, 24.235895407755784 ], [ 87.662123891274305, 24.245495776674936 ], [ 87.705976306904134, 24.260392900859831 ], [ 87.713230089940637, 24.293828668474809 ], [ 87.730045677888924, 24.28853191320907 ], [ 87.761368831910232, 24.308394745455594 ], [ 87.770600919411251, 24.322298728028159 ], [ 87.764666006017734, 24.339844229845923 ], [ 87.800934921200295, 24.382549319175947 ], [ 87.794340572985291, 24.399763773789601 ], [ 87.812145313165814, 24.413998803566276 ], [ 87.806210399772311, 24.420288700444342 ], [ 87.799945768968044, 24.409033095504647 ], [ 87.789394811824025, 24.420288700444342 ], [ 87.80357266048631, 24.454386562467541 ], [ 87.823685422542084, 24.458359128916843 ], [ 87.810826443522814, 24.477228819551041 ], [ 87.828301466292601, 24.497753746205781 ], [ 87.811485878344314, 24.492125943735935 ], [ 87.809837291290563, 24.514306106411219 ], [ 87.802253790843295, 24.494443274164695 ], [ 87.794340572985291, 24.501395265450977 ], [ 87.80324294307556, 24.50569887910439 ], [ 87.799286334146544, 24.543769307576895 ], [ 87.808848139058313, 24.547410826822091 ], [ 87.791373116288526, 24.572239367130244 ], [ 87.770600919411251, 24.570915178313808 ], [ 87.771590071643502, 24.583826019274049 ], [ 87.793021703342291, 24.583494972069939 ], [ 87.8263231618281, 24.569590989497375 ], [ 87.8276420314711, 24.557673290149459 ], [ 87.852041119866641, 24.554031770904263 ], [ 87.890618056924453, 24.565287375843962 ], [ 87.889958622102952, 24.553038629291937 ] ] ] } },
{ "type": "Feature", "properties": { "id": null, "dt_code": "336", "district": "Nadia", "st_nm": "West Bengal", "st_code": "19", "year": "2011_c" }, "geometry": { "type": "Polygon", "coordinates": [ [ [ 88.176812769455978, 23.760842669859773 ], [ 88.187693444010733, 23.770443038778925 ], [ 88.22857840294381, 23.760180575451553 ], [ 88.232535011872827, 23.75918743383923 ], [ 88.23945907749858, 23.765477330717296 ], [ 88.240777947141581, 23.766801519533729 ], [ 88.241107664552331, 23.767132566737839 ], [ 88.240448229730831, 23.772429322003578 ], [ 88.23846992526633, 23.801892523169254 ], [ 88.269793079287638, 23.811492892088406 ], [ 88.334417691794755, 23.80785137284321 ], [ 88.352552149386042, 23.830031535518494 ], [ 88.377280955192333, 23.814141269721276 ], [ 88.408604109213641, 23.820762213803452 ], [ 88.414209305196394, 23.804209853598014 ], [ 88.447840481092953, 23.855191123030757 ], [ 88.461029177522974, 23.820762213803452 ], [ 88.462348047165989, 23.818113836170582 ], [ 88.473228721720744, 23.827052110681517 ], [ 88.47652589582826, 23.829700488314387 ], [ 88.478504200292761, 23.83135572433493 ], [ 88.47652589582826, 23.838638762825322 ], [ 88.463007481987489, 23.890282126666282 ], [ 88.485428265918529, 23.899551448381324 ], [ 88.5002655494023, 23.887633749033412 ], [ 88.510157071724819, 23.895909929136131 ], [ 88.509167919492569, 23.896572023544348 ], [ 88.458061720826223, 23.92934569675111 ], [ 88.490044309669031, 23.938615018466155 ], [ 88.51147594136782, 23.957153661896243 ], [ 88.52367548556559, 23.95251900103872 ], [ 88.51180565877857, 23.991582571123551 ], [ 88.543458530210629, 23.99886560961394 ], [ 88.550052878425632, 24.038922321311098 ], [ 88.58071659762544, 24.030977188412486 ], [ 88.595883598519976, 23.99952770402216 ], [ 88.614677490932749, 23.982975343816722 ], [ 88.625887882898269, 23.984299532633159 ], [ 88.627206752541269, 23.984299532633159 ], [ 88.628525622184284, 23.984630579837265 ], [ 88.649627536472323, 24.010452261757745 ], [ 88.630833644059535, 24.029984046800159 ], [ 88.642044036025055, 24.052826303883663 ], [ 88.650286971293824, 24.068385522476774 ], [ 88.680620973082867, 24.077323796987709 ], [ 88.679631820850616, 24.077654844191816 ], [ 88.681280407904367, 24.077985891395926 ], [ 88.671059168171098, 24.084606835478098 ], [ 88.701063452549405, 24.09453825160136 ], [ 88.700733735138655, 24.096855582030123 ], [ 88.724143671301945, 24.104469667724622 ], [ 88.723484236480445, 24.06871656968088 ], [ 88.73766208514273, 24.061433531190488 ], [ 88.726781410587961, 24.052826303883663 ], [ 88.742607846303983, 24.035280802065902 ], [ 88.728429997641712, 23.996548279185181 ], [ 88.76041258648452, 24.005817600900226 ], [ 88.768985239164024, 23.982644296612612 ], [ 88.736672932910466, 23.980326966183853 ], [ 88.732386606570714, 23.960795181141439 ], [ 88.743267281125483, 23.930007791159326 ], [ 88.734694628445965, 23.932987215996306 ], [ 88.733046041392214, 23.911138100525129 ], [ 88.700404017727905, 23.911800194933349 ], [ 88.705020061478422, 23.90054458999365 ], [ 88.688204473530135, 23.90120668440187 ], [ 88.664135102545345, 23.882336993767673 ], [ 88.667432276652846, 23.869757200011541 ], [ 88.625558165487519, 23.864791491949909 ], [ 88.616326077986514, 23.876047096889607 ], [ 88.607423707896245, 23.862143114317039 ], [ 88.584673206554456, 23.869757200011541 ], [ 88.576759988696438, 23.852211698193777 ], [ 88.591267554769459, 23.852873792601997 ], [ 88.586651511018957, 23.83102467713082 ], [ 88.602148229324229, 23.816789647354145 ], [ 88.587640663251207, 23.813479175313059 ], [ 88.595883598519976, 23.80487194800623 ], [ 88.578408575750188, 23.785671210167926 ], [ 88.556317509229899, 23.783353879739167 ], [ 88.579727445393189, 23.773422463615905 ], [ 88.56983592307067, 23.746938687287205 ], [ 88.577089706107188, 23.734689940735183 ], [ 88.564890161909418, 23.7125097780599 ], [ 88.574122249410436, 23.667818405505223 ], [ 88.55796609628365, 23.648617667666915 ], [ 88.562252422623416, 23.636368921114894 ], [ 88.59357557664471, 23.64001044036009 ], [ 88.59324585923396, 23.61650608886837 ], [ 88.580057162803939, 23.602271059091695 ], [ 88.645011492721807, 23.608892003173871 ], [ 88.638417144506803, 23.591346501356107 ], [ 88.651276123526074, 23.585056604478041 ], [ 88.654243580222825, 23.556586544924691 ], [ 88.678972386029116, 23.545330939984996 ], [ 88.697106843620404, 23.516198786023427 ], [ 88.723813953891195, 23.512557266778231 ], [ 88.740629541839482, 23.480114640775579 ], [ 88.758763999430755, 23.477135215938599 ], [ 88.76074230389527, 23.489052915286514 ], [ 88.774590435146791, 23.479452546367359 ], [ 88.768655521753274, 23.491039198511167 ], [ 88.786460261933811, 23.506598417104275 ], [ 88.78283337041556, 23.49799118979745 ], [ 88.79503291461333, 23.500970614634426 ], [ 88.801297545417583, 23.485411396041318 ], [ 88.787119696755312, 23.468527988631774 ], [ 88.79470319720258, 23.442706306711294 ], [ 88.780525348540294, 23.436085362629118 ], [ 88.762720608359771, 23.44601677875238 ], [ 88.754147955680253, 23.415560435974378 ], [ 88.76107202130602, 23.408277397483985 ], [ 88.74887247710825, 23.398345981360723 ], [ 88.765358347645773, 23.367889638582721 ], [ 88.747553607465235, 23.361599741704655 ], [ 88.744586150768484, 23.348357853540307 ], [ 88.732056889159963, 23.352330419989613 ], [ 88.738980954785731, 23.343392145478678 ], [ 88.732716323981464, 23.327501879681456 ], [ 88.749202194519, 23.321543030007501 ], [ 88.744915868179234, 23.307639047434936 ], [ 88.732056889159963, 23.307308000230826 ], [ 88.729748867284712, 23.319556746782848 ], [ 88.725462540944946, 23.299031820128107 ], [ 88.706338931121422, 23.30399752818974 ], [ 88.710625257461174, 23.312604755496565 ], [ 88.695787973977403, 23.302342292169197 ], [ 88.723484236480445, 23.272216996595301 ], [ 88.718538475319193, 23.25467149477754 ], [ 88.753818238269503, 23.235801804143343 ], [ 88.712273844514925, 23.237788087367996 ], [ 88.709965822639674, 23.232491332102256 ], [ 88.707657800764423, 23.232491332102256 ], [ 88.702052604781656, 23.215607924692712 ], [ 88.702052604781656, 23.214945830284492 ], [ 88.701722887370906, 23.214614783080386 ], [ 88.717219605676192, 23.211966405447516 ], [ 88.719197910140693, 23.187137865139363 ], [ 88.711614409693425, 23.166281891280512 ], [ 88.699414865495655, 23.168930268913382 ], [ 88.693809669512902, 23.157674663973683 ], [ 88.704690344067672, 23.13582554850251 ], [ 88.694798821745152, 23.110334913786136 ], [ 88.674026624867864, 23.094113600784812 ], [ 88.683588429779633, 23.068954013272549 ], [ 88.696447408798903, 23.064319352415026 ], [ 88.682599277547382, 23.052401653067111 ], [ 88.688534190940885, 23.025586829534305 ], [ 88.675345494510864, 23.015655413411043 ], [ 88.677983233796866, 22.999103053205609 ], [ 88.662156798080844, 22.982881740204281 ], [ 88.663805385134594, 22.949114925385192 ], [ 88.678642668618366, 22.943818170119453 ], [ 88.656221884687326, 22.93885246205782 ], [ 88.654243580222825, 22.919982771423623 ], [ 88.668751146295847, 22.891843759074384 ], [ 88.657870471741077, 22.875953493277166 ], [ 88.652594993169075, 22.886547003808644 ], [ 88.627206752541269, 22.881912342951122 ], [ 88.611380316825247, 22.907402977667491 ], [ 88.565879314141668, 22.914023921749667 ], [ 88.563241574855667, 22.922962196260602 ], [ 88.513454245832321, 22.933886753996191 ], [ 88.505211310563553, 22.946797594956429 ], [ 88.471250417256243, 22.936204084424951 ], [ 88.46399663421974, 22.950108066997519 ], [ 88.422452240465162, 22.957391105487908 ], [ 88.406296087338376, 22.942493981303016 ], [ 88.409263544035142, 22.981226504183738 ], [ 88.409922978856642, 22.989833731490563 ], [ 88.416847044482395, 22.996123628368629 ], [ 88.433992349841432, 23.030221490391828 ], [ 88.403658348052375, 22.989833731490563 ], [ 88.404977217695375, 22.992151061919326 ], [ 88.404977217695375, 22.992151061919326 ], [ 88.410252696267392, 23.002744572450805 ], [ 88.449489068146704, 23.055381077904091 ], [ 88.494660353419533, 23.047435945005482 ], [ 88.459380590469223, 23.067629824456112 ], [ 88.501914136456051, 23.105369205724507 ], [ 88.433662632430682, 23.145756964625772 ], [ 88.435640936895183, 23.146750106238098 ], [ 88.458061720826223, 23.159991994402446 ], [ 88.469931547613243, 23.205014414161234 ], [ 88.460040025290724, 23.221566774366668 ], [ 88.414868740017894, 23.210311169426973 ], [ 88.414209305196394, 23.210311169426973 ], [ 88.414209305196394, 23.210311169426973 ], [ 88.415198457428644, 23.211966405447516 ], [ 88.354860171261294, 23.236463898551559 ], [ 88.351233279743028, 23.238781228980322 ], [ 88.357168193136545, 23.247719503491258 ], [ 88.361784236887047, 23.25500254198165 ], [ 88.362113954297797, 23.255664636389866 ], [ 88.349254975278527, 23.28049317669802 ], [ 88.330131365454989, 23.281155271106236 ], [ 88.333758256973255, 23.292741923250041 ], [ 88.348265823046276, 23.290424592821282 ], [ 88.325845039115237, 23.315253133129435 ], [ 88.336066278848506, 23.329488162906109 ], [ 88.330790800276503, 23.341405862254025 ], [ 88.343649779295774, 23.346040523111547 ], [ 88.330461082865753, 23.360606600092328 ], [ 88.330790800276503, 23.365572308153961 ], [ 88.356838475725795, 23.406953208667552 ], [ 88.330461082865753, 23.418539860811357 ], [ 88.351233279743028, 23.431119654567489 ], [ 88.338374300723757, 23.457272383692075 ], [ 88.366400280637563, 23.458927619712618 ], [ 88.367389432869814, 23.458927619712618 ], [ 88.356179040904294, 23.465548563794794 ], [ 88.387502194925602, 23.497329095389233 ], [ 88.385853607871852, 23.504281086675515 ], [ 88.385194173050337, 23.507922605920712 ], [ 88.384864455639587, 23.508584700328928 ], [ 88.356838475725795, 23.546655128801429 ], [ 88.318920973489469, 23.551289789658952 ], [ 88.27473884044889, 23.538047901494604 ], [ 88.27506855785964, 23.561221205782214 ], [ 88.321228995364734, 23.574794141150672 ], [ 88.314964364560467, 23.591346501356107 ], [ 88.28627894982516, 23.578766707599975 ], [ 88.281003471253157, 23.606243625541001 ], [ 88.275727992681155, 23.596312209417739 ], [ 88.257593535089867, 23.619816560909456 ], [ 88.218357163210541, 23.607236767153324 ], [ 88.195606661868752, 23.622464938542329 ], [ 88.160986333739942, 23.629747977032718 ], [ 88.1346089408799, 23.664507933464133 ], [ 88.163624073025943, 23.710854542039357 ], [ 88.214070836870789, 23.711847683651683 ], [ 88.231875577051326, 23.71217873085579 ], [ 88.232864729283577, 23.71217873085579 ], [ 88.229897272586811, 23.716813391713313 ], [ 88.225610946247059, 23.723434335795488 ], [ 88.225281228836309, 23.724096430203705 ], [ 88.220994902496557, 23.725420619020138 ], [ 88.19296892258275, 23.737669365572163 ], [ 88.19296892258275, 23.744621356858445 ], [ 88.19296892258275, 23.767132566737839 ], [ 88.176812769455978, 23.760842669859773 ] ] ] } },
{ "type": "Feature", "properties": { "id": null, "dt_code": "335", "district": "Purba Bardhaman", "st_nm": "West Bengal", "st_code": "19", "year": "2011_c" }, "geometry": { "type": "Polygon", "coordinates": [ [ [ 87.96678277880784, 23.809506608863753 ], [ 87.974366279255108, 23.832679913151363 ], [ 87.968101648450855, 23.844597612499278 ], [ 88.009646042205418, 23.844597612499278 ], [ 88.030088521671956, 23.817451741762362 ], [ 88.031077673904207, 23.794940531882972 ], [ 88.059763088639514, 23.780705502106294 ], [ 88.058773936407263, 23.772098274799468 ], [ 88.041298913637476, 23.773422463615905 ], [ 88.036682869886974, 23.760511622655663 ], [ 88.060092806050264, 23.723434335795488 ], [ 88.060422523461014, 23.722772241387268 ], [ 88.081524437749053, 23.723103288591378 ], [ 88.102626352037092, 23.753890678573487 ], [ 88.124057983735881, 23.751242300940618 ], [ 88.131971201593885, 23.734027846326967 ], [ 88.132300919004635, 23.734027846326967 ], [ 88.136587245344401, 23.734027846326967 ], [ 88.14483018061317, 23.733696799122857 ], [ 88.14548961543467, 23.734027846326967 ], [ 88.152413681060423, 23.740317743205033 ], [ 88.176812769455978, 23.760842669859773 ], [ 88.19296892258275, 23.767132566737839 ], [ 88.19296892258275, 23.744621356858445 ], [ 88.19296892258275, 23.737669365572163 ], [ 88.220994902496557, 23.725420619020138 ], [ 88.225281228836309, 23.724096430203705 ], [ 88.225610946247059, 23.723434335795488 ], [ 88.229897272586811, 23.716813391713313 ], [ 88.232864729283577, 23.71217873085579 ], [ 88.231875577051326, 23.71217873085579 ], [ 88.214070836870789, 23.711847683651683 ], [ 88.163624073025943, 23.710854542039357 ], [ 88.1346089408799, 23.664507933464133 ], [ 88.160986333739942, 23.629747977032718 ], [ 88.195606661868752, 23.622464938542329 ], [ 88.218357163210541, 23.607236767153324 ], [ 88.257593535089867, 23.619816560909456 ], [ 88.275727992681155, 23.596312209417739 ], [ 88.281003471253157, 23.606243625541001 ], [ 88.28627894982516, 23.578766707599975 ], [ 88.314964364560467, 23.591346501356107 ], [ 88.321228995364734, 23.574794141150672 ], [ 88.27506855785964, 23.561221205782214 ], [ 88.27473884044889, 23.538047901494604 ], [ 88.318920973489469, 23.551289789658952 ], [ 88.356838475725795, 23.546655128801429 ], [ 88.384864455639587, 23.508584700328928 ], [ 88.385194173050337, 23.507922605920712 ], [ 88.385853607871852, 23.504281086675515 ], [ 88.387502194925602, 23.497329095389233 ], [ 88.356179040904294, 23.465548563794794 ], [ 88.367389432869814, 23.458927619712618 ], [ 88.366400280637563, 23.458927619712618 ], [ 88.338374300723757, 23.457272383692075 ], [ 88.351233279743028, 23.431119654567489 ], [ 88.330461082865753, 23.418539860811357 ], [ 88.356838475725795, 23.406953208667552 ], [ 88.330790800276503, 23.365572308153961 ], [ 88.330461082865753, 23.360606600092328 ], [ 88.343649779295774, 23.346040523111547 ], [ 88.330790800276503, 23.341405862254025 ], [ 88.336066278848506, 23.329488162906109 ], [ 88.325845039115237, 23.315253133129435 ], [ 88.348265823046276, 23.290424592821282 ], [ 88.333758256973255, 23.292741923250041 ], [ 88.330131365454989, 23.281155271106236 ], [ 88.349254975278527, 23.28049317669802 ], [ 88.362113954297797, 23.255664636389866 ], [ 88.361784236887047, 23.25500254198165 ], [ 88.357168193136545, 23.247719503491258 ], [ 88.351233279743028, 23.238781228980322 ], [ 88.354860171261294, 23.236463898551559 ], [ 88.415198457428644, 23.211966405447516 ], [ 88.414209305196394, 23.210311169426973 ], [ 88.402669195820124, 23.188793101159906 ], [ 88.382886151175086, 23.195745092446188 ], [ 88.381567281532085, 23.180847968261297 ], [ 88.367059715459064, 23.177206449016101 ], [ 88.375302650727832, 23.162971419239426 ], [ 88.362443671708547, 23.152377908707944 ], [ 88.361124802065547, 23.117948999480639 ], [ 88.360135649833296, 23.118280046684745 ], [ 88.321558712775484, 23.13284612366553 ], [ 88.316942669024968, 23.125563085175138 ], [ 88.269463361876888, 23.127218321195684 ], [ 88.235832185980328, 23.158336758381903 ], [ 88.16922926900871, 23.155688380749034 ], [ 88.153732550703424, 23.132515076461424 ], [ 88.162964638204443, 23.124569943562811 ], [ 88.14647876766692, 23.077561240579374 ], [ 88.087789068553306, 23.043132331352069 ], [ 88.051190435959995, 23.046442803393155 ], [ 88.036353152476224, 23.013007035778173 ], [ 88.049871566316995, 22.989833731490563 ], [ 88.032726260957958, 22.979571268163195 ], [ 88.020526716760187, 22.987516401061804 ], [ 88.020526716760187, 22.975929748917999 ], [ 88.007008302919417, 22.981557551387844 ], [ 88.008656889973167, 22.963681002365973 ], [ 88.008986607383918, 22.96202576634543 ], [ 88.005689433276416, 22.96235681354954 ], [ 87.987225258274378, 22.963681002365973 ], [ 87.977333735951859, 22.964343096774193 ], [ 87.959199278360586, 22.952756444630388 ], [ 87.948978038627317, 22.958715294304344 ], [ 87.940075668537048, 22.942825028507126 ], [ 87.912379406033992, 22.945142358935886 ], [ 87.890947774335217, 22.933886753996191 ], [ 87.890947774335217, 22.934548848404408 ], [ 87.8856722957632, 22.96202576634543 ], [ 87.87380246897618, 22.955735869467365 ], [ 87.872483599333179, 22.941169792486583 ], [ 87.83885242343662, 22.935873037220844 ], [ 87.819728813613082, 22.957722152692018 ], [ 87.814123617630329, 22.945473406139996 ], [ 87.796648594860542, 22.950770161405735 ], [ 87.785767920305773, 22.969970899244039 ], [ 87.744553243961946, 22.965667285590627 ], [ 87.742245222086694, 22.96533623838652 ], [ 87.741585787265194, 22.969970899244039 ], [ 87.715538111815903, 23.006717138900107 ], [ 87.711911220297637, 23.010358658145304 ], [ 87.712570655119137, 23.01102075255352 ], [ 87.712570655119137, 23.01102075255352 ], [ 87.721143307798656, 23.028235207167175 ], [ 87.741585787265194, 23.031214632004154 ], [ 87.741585787265194, 23.055381077904091 ], [ 87.764336288606984, 23.075574957354721 ], [ 87.752136744409214, 23.083189043049224 ], [ 87.754115048873714, 23.097424072825898 ], [ 87.748509852890962, 23.100072450458768 ], [ 87.745872113604946, 23.1126522442149 ], [ 87.733342851996426, 23.127880415603901 ], [ 87.732023982353425, 23.131190887644987 ], [ 87.731694264942675, 23.13019774603266 ], [ 87.724770199316907, 23.116293763460096 ], [ 87.693117327884863, 23.128873557216227 ], [ 87.682566370740844, 23.123245754746378 ], [ 87.689820153777347, 23.145425917421662 ], [ 87.660805021631305, 23.164957702464076 ], [ 87.668388522078558, 23.169923410525708 ], [ 87.645638020736769, 23.196738234058515 ], [ 87.646956890379769, 23.217594207917362 ], [ 87.657837564934539, 23.224877246407754 ], [ 87.652891803773286, 23.241098559409082 ], [ 87.599477583231689, 23.257981966818626 ], [ 87.557273754655611, 23.312604755496565 ], [ 87.498254338131261, 23.35067518396907 ], [ 87.481768467593724, 23.368220685786831 ], [ 87.449126443929416, 23.402980642218246 ], [ 87.434289160445644, 23.421188238444227 ], [ 87.444180682768163, 23.431119654567489 ], [ 87.445499552411164, 23.418539860811357 ], [ 87.462974575180951, 23.422181380056553 ], [ 87.463963727413201, 23.424167663281203 ], [ 87.469898640806704, 23.443699448323617 ], [ 87.466601466699203, 23.478128357550926 ], [ 87.450115596161666, 23.481107782387905 ], [ 87.472536380092706, 23.523481824513819 ], [ 87.465942031877702, 23.531426957412428 ], [ 87.476163271610972, 23.527123343759015 ], [ 87.490341120273243, 23.538047901494604 ], [ 87.484076489468976, 23.552613978475389 ], [ 87.498913772952761, 23.576449377171215 ], [ 87.524631730991302, 23.588698123723237 ], [ 87.533863818492321, 23.608892003173871 ], [ 87.534193535903071, 23.609885144786197 ], [ 87.571451603317882, 23.598960587050609 ], [ 87.582002560461902, 23.595981162213629 ], [ 87.622228084573479, 23.61418875843961 ], [ 87.646627172969019, 23.604257342316348 ], [ 87.666410217614057, 23.619816560909456 ], [ 87.686852697080596, 23.607898861561544 ], [ 87.707954611368635, 23.619154466501239 ], [ 87.730705112710424, 23.589360218131453 ], [ 87.780492441733756, 23.583732415661608 ], [ 87.80390237789706, 23.559897016965778 ], [ 87.836544401561369, 23.569166338680823 ], [ 87.846106206473124, 23.550958742454846 ], [ 87.847095358705388, 23.550958742454846 ], [ 87.871824164511679, 23.556917592128801 ], [ 87.872483599333179, 23.557248639332908 ], [ 87.87314303415468, 23.557248639332908 ], [ 87.876110490851431, 23.554600261700038 ], [ 87.882045404244948, 23.550627695250736 ], [ 87.8863317305847, 23.561221205782214 ], [ 87.886991165406201, 23.559897016965778 ], [ 87.887650600227701, 23.561221205782214 ], [ 87.898531274782471, 23.54433779837267 ], [ 87.903477035943737, 23.546324081597323 ], [ 87.927216689517778, 23.568504244272606 ], [ 87.929194993982279, 23.57049052749726 ], [ 87.930513863625279, 23.589691265335563 ], [ 87.946340299341315, 23.597636398234172 ], [ 87.959199278360586, 23.631072165849154 ], [ 87.935129907375796, 23.646631384442262 ], [ 87.936119059608046, 23.66285269744359 ], [ 87.911060536390991, 23.66351479185181 ], [ 87.921941210945761, 23.680729246465461 ], [ 87.910730818980241, 23.717144438917423 ], [ 87.910401101569491, 23.718137580529746 ], [ 87.91996290648126, 23.714827108488659 ], [ 87.917325167195258, 23.729393185469444 ], [ 87.934470472554281, 23.729062138265334 ], [ 87.953923799788569, 23.749918112124185 ], [ 87.938756798894048, 23.774415605228228 ], [ 87.949637473448817, 23.776732935656991 ], [ 87.96678277880784, 23.809506608863753 ] ] ] } },
{ "type": "Feature", "properties": { "id": null, "dt_code": "340", "district": "Purulia", "st_nm": "West Bengal", "st_code": "19", "year": "2011_c" }, "geometry": { "type": "Polygon", "coordinates": [ [ [ 86.846732734488086, 23.684039718506551 ], [ 86.902454976904949, 23.639348345951873 ], [ 86.902125259494198, 23.639017298747763 ], [ 86.887287976010413, 23.601608964683479 ], [ 86.891574302350179, 23.576449377171215 ], [ 86.863218605025622, 23.56751110266028 ], [ 86.880034192973909, 23.559234922557561 ], [ 86.88168278002766, 23.539703137515147 ], [ 86.895530911279181, 23.534737429453518 ], [ 86.89388232422543, 23.511564125165904 ], [ 86.90509271619095, 23.493687576144033 ], [ 86.872450692526641, 23.490708151307057 ], [ 86.865856344311624, 23.461575997345488 ], [ 86.828268559486062, 23.466210658203011 ], [ 86.827938842075312, 23.466210658203011 ], [ 86.827938842075312, 23.466210658203011 ], [ 86.826949689843062, 23.436416409833228 ], [ 86.854975669756854, 23.442375259507184 ], [ 86.866845496543874, 23.435423268220902 ], [ 86.849700191184851, 23.41986404962779 ], [ 86.851019060827852, 23.386759329216918 ], [ 86.830246863950563, 23.380469432338852 ], [ 86.832884603236565, 23.359613458480005 ], [ 86.816728450109792, 23.361268694500549 ], [ 86.808815232251774, 23.342067956662241 ], [ 86.787053883142235, 23.338757484621155 ], [ 86.790351057249737, 23.300024961740434 ], [ 86.777821795641216, 23.294066112066478 ], [ 86.783426991623983, 23.260299297247389 ], [ 86.779140665284217, 23.242753795429625 ], [ 86.768589708140198, 23.241760653817298 ], [ 86.790351057249737, 23.211304311039296 ], [ 86.758698185817678, 23.199386611691384 ], [ 86.758698185817678, 23.175551212995554 ], [ 86.738255706351154, 23.162640372035316 ], [ 86.731331640725386, 23.134501359686073 ], [ 86.717153792063115, 23.122583660338162 ], [ 86.731661358136137, 23.105038158520397 ], [ 86.746168924209158, 23.103051875295748 ], [ 86.751774120191925, 23.088485798314963 ], [ 86.730672205903886, 23.048760133821915 ], [ 86.739904293404905, 23.043132331352069 ], [ 86.726385879564134, 23.035518245657567 ], [ 86.735288249654388, 23.025255782330198 ], [ 86.727704749207135, 22.998440958797392 ], [ 86.689127812149309, 22.930907329159211 ], [ 86.705943400097595, 22.880257106930578 ], [ 86.662420701878517, 22.851787047377229 ], [ 86.6558263536635, 22.837220970396444 ], [ 86.616919699194938, 22.823979082232096 ], [ 86.61065506839067, 22.798819494719833 ], [ 86.5984555241929, 22.79716425869929 ], [ 86.604060720175653, 22.788888078596571 ], [ 86.600433828657401, 22.779949804085636 ], [ 86.5971366545499, 22.772004671187027 ], [ 86.593180045620883, 22.762735349471981 ], [ 86.559548869724324, 22.712416174447458 ], [ 86.559219152313574, 22.712416174447458 ], [ 86.524269106774014, 22.721354448958394 ], [ 86.513058714808494, 22.718043976917304 ], [ 86.510420975522493, 22.704802088752956 ], [ 86.459974211677647, 22.763397443880201 ], [ 86.419418970155334, 22.790874361821224 ], [ 86.438542579978858, 22.831262120722489 ], [ 86.434915688460606, 22.860725321888165 ], [ 86.451071841587378, 22.862380557908708 ], [ 86.453379863462644, 22.886215956604534 ], [ 86.467227994714165, 22.900782033585319 ], [ 86.453050146051893, 22.903430411218189 ], [ 86.435904840692857, 22.925941621097582 ], [ 86.476460082215183, 22.951763303018062 ], [ 86.488989343823704, 22.937528273241387 ], [ 86.502837475075225, 22.951432255813952 ], [ 86.525587976417015, 22.947459689364649 ], [ 86.531522889810532, 22.9646741439783 ], [ 86.544711586240552, 22.965998332794737 ], [ 86.547019608115804, 22.989502684286457 ], [ 86.518993628202011, 22.970632993652259 ], [ 86.507453518825741, 22.972950324081019 ], [ 86.513388432219244, 22.977584984938542 ], [ 86.501518605432224, 22.994799439552196 ], [ 86.446785515247626, 22.98817849547002 ], [ 86.419089252744584, 23.000427242022042 ], [ 86.394030729527529, 22.980895456979628 ], [ 86.376885424168506, 22.998440958797392 ], [ 86.32610894291291, 22.994799439552196 ], [ 86.304677311214121, 23.016648555023369 ], [ 86.237085242010252, 22.995130486756302 ], [ 86.206751240221195, 23.000427242022042 ], [ 86.207410675042695, 23.008041327716544 ], [ 86.185649325933156, 23.005392950083674 ], [ 86.141467192892577, 23.057367361128744 ], [ 86.146083236643094, 23.075243910150615 ], [ 86.049146317882418, 23.106031300132724 ], [ 86.05475151386517, 23.123907849154595 ], [ 86.043541121899651, 23.145094870217555 ], [ 85.956825442872244, 23.160985136014773 ], [ 85.916599918760681, 23.146088011829878 ], [ 85.881979590631872, 23.168268174505165 ], [ 85.883298460274872, 23.196076139650295 ], [ 85.866482872326586, 23.220573632754341 ], [ 85.836478587948292, 23.220573632754341 ], [ 85.838127175002043, 23.247057409083038 ], [ 85.819663, 23.268575477350105 ], [ 85.838127175002043, 23.305983811414393 ], [ 85.868461176791087, 23.330481304518436 ], [ 85.865823437505085, 23.341405862254025 ], [ 85.883628177685623, 23.35034413676496 ], [ 85.869780046434101, 23.389076659645681 ], [ 85.90275178750916, 23.398677028564833 ], [ 85.886265916971624, 23.404966925442899 ], [ 85.884617329917873, 23.429795465751052 ], [ 85.863515415629834, 23.431781748975705 ], [ 85.863185698219084, 23.462569138957814 ], [ 85.886595634382374, 23.484749301633101 ], [ 85.950231094657241, 23.470845319060533 ], [ 86.05409207904367, 23.487066632061861 ], [ 86.058708122794187, 23.494349670552253 ], [ 86.038925078149148, 23.49799118979745 ], [ 86.028044403594379, 23.542682562352127 ], [ 86.016834011628859, 23.547648270413756 ], [ 86.0418925348459, 23.586049746090367 ], [ 86.07783173261771, 23.579097754804085 ], [ 86.072556254045708, 23.568835291476717 ], [ 86.092009581279996, 23.562876441802757 ], [ 86.125970474587305, 23.56982843308904 ], [ 86.131245953159308, 23.558903875353455 ], [ 86.158612498251614, 23.559565969761671 ], [ 86.148061541107595, 23.519840305268623 ], [ 86.160590802716115, 23.508253653124818 ], [ 86.148391258518345, 23.465217516590684 ], [ 86.177076673253652, 23.469852177448207 ], [ 86.228842306741484, 23.44336840111951 ], [ 86.2327989156705, 23.462238091753708 ], [ 86.245987612100521, 23.459589714120838 ], [ 86.230490893795235, 23.431119654567489 ], [ 86.247636199154272, 23.411587869525071 ], [ 86.259506025941292, 23.413243105545618 ], [ 86.252252242904774, 23.427147088118183 ], [ 86.264122069691794, 23.430788607363379 ], [ 86.288521158087349, 23.429464418546942 ], [ 86.2901697451411, 23.418208813607247 ], [ 86.310282507196888, 23.411918916729181 ], [ 86.317536290233392, 23.426816040914073 ], [ 86.305666463446371, 23.435092221016792 ], [ 86.333692443360178, 23.447340967568813 ], [ 86.3488594442547, 23.440388976282531 ], [ 86.363696727738485, 23.47150741346875 ], [ 86.379193446043757, 23.473824743897513 ], [ 86.378534011222257, 23.485411396041318 ], [ 86.36171842327397, 23.485411396041318 ], [ 86.375236837114755, 23.509246794737145 ], [ 86.365015597381486, 23.531095910208322 ], [ 86.388425533544776, 23.560228064169888 ], [ 86.387766098723276, 23.574132046742456 ], [ 86.413813774172567, 23.576118329967105 ], [ 86.420737839798335, 23.589691265335563 ], [ 86.447115232658376, 23.597967445438282 ], [ 86.446455797836876, 23.617499230480696 ], [ 86.461952516142148, 23.629747977032718 ], [ 86.490637930877455, 23.637693109931327 ], [ 86.52888515052453, 23.629747977032718 ], [ 86.57438615320811, 23.647624526054589 ], [ 86.59812580678215, 23.673777255179179 ], [ 86.712867465723349, 23.698605795487332 ], [ 86.739574575994155, 23.694633229038029 ], [ 86.747817511262909, 23.679074010444918 ], [ 86.805518058144273, 23.696288465058572 ], [ 86.846732734488086, 23.684039718506551 ] ] ] } },
{ "type": "Feature", "properties": { "id": null, "dt_code": "339", "district": "Bankura", "st_nm": "West Bengal", "st_code": "19", "year": "2011_c" }, "geometry": { "type": "Polygon", "coordinates": [ [ [ 86.61065506839067, 22.798819494719833 ], [ 86.616919699194938, 22.823979082232096 ], [ 86.6558263536635, 22.837220970396444 ], [ 86.662420701878517, 22.851787047377229 ], [ 86.705943400097595, 22.880257106930578 ], [ 86.689127812149309, 22.930907329159211 ], [ 86.727704749207135, 22.998440958797392 ], [ 86.735288249654388, 23.025255782330198 ], [ 86.726385879564134, 23.035518245657567 ], [ 86.739904293404905, 23.043132331352069 ], [ 86.730672205903886, 23.048760133821915 ], [ 86.751774120191925, 23.088485798314963 ], [ 86.746168924209158, 23.103051875295748 ], [ 86.731661358136137, 23.105038158520397 ], [ 86.717153792063115, 23.122583660338162 ], [ 86.731331640725386, 23.134501359686073 ], [ 86.738255706351154, 23.162640372035316 ], [ 86.758698185817678, 23.175551212995554 ], [ 86.758698185817678, 23.199386611691384 ], [ 86.790351057249737, 23.211304311039296 ], [ 86.768589708140198, 23.241760653817298 ], [ 86.779140665284217, 23.242753795429625 ], [ 86.783426991623983, 23.260299297247389 ], [ 86.777821795641216, 23.294066112066478 ], [ 86.790351057249737, 23.300024961740434 ], [ 86.787053883142235, 23.338757484621155 ], [ 86.808815232251774, 23.342067956662241 ], [ 86.816728450109792, 23.361268694500549 ], [ 86.832884603236565, 23.359613458480005 ], [ 86.830246863950563, 23.380469432338852 ], [ 86.851019060827852, 23.386759329216918 ], [ 86.849700191184851, 23.41986404962779 ], [ 86.866845496543874, 23.435423268220902 ], [ 86.854975669756854, 23.442375259507184 ], [ 86.826949689843062, 23.436416409833228 ], [ 86.827938842075312, 23.466210658203011 ], [ 86.827938842075312, 23.466210658203011 ], [ 86.828268559486062, 23.466210658203011 ], [ 86.865856344311624, 23.461575997345488 ], [ 86.872450692526641, 23.490708151307057 ], [ 86.90509271619095, 23.493687576144033 ], [ 86.89388232422543, 23.511564125165904 ], [ 86.895530911279181, 23.534737429453518 ], [ 86.88168278002766, 23.539703137515147 ], [ 86.880034192973909, 23.559234922557561 ], [ 86.863218605025622, 23.56751110266028 ], [ 86.891574302350179, 23.576449377171215 ], [ 86.887287976010413, 23.601608964683479 ], [ 86.902125259494198, 23.639017298747763 ], [ 86.902454976904949, 23.639348345951873 ], [ 86.920259717085472, 23.630741118645044 ], [ 87.014229179149396, 23.632396354665588 ], [ 87.119738750589576, 23.577773565987648 ], [ 87.208762451492234, 23.557579686537018 ], [ 87.277673390339118, 23.499315378613883 ], [ 87.449126443929416, 23.402980642218246 ], [ 87.481768467593724, 23.368220685786831 ], [ 87.498254338131261, 23.35067518396907 ], [ 87.557273754655611, 23.312604755496565 ], [ 87.599477583231689, 23.257981966818626 ], [ 87.652891803773286, 23.241098559409082 ], [ 87.657837564934539, 23.224877246407754 ], [ 87.646956890379769, 23.217594207917362 ], [ 87.645638020736769, 23.196738234058515 ], [ 87.668388522078558, 23.169923410525708 ], [ 87.660805021631305, 23.164957702464076 ], [ 87.689820153777347, 23.145425917421662 ], [ 87.682566370740844, 23.123245754746378 ], [ 87.693117327884863, 23.128873557216227 ], [ 87.724770199316907, 23.116293763460096 ], [ 87.731694264942675, 23.13019774603266 ], [ 87.732023982353425, 23.131190887644987 ], [ 87.733342851996426, 23.127880415603901 ], [ 87.745872113604946, 23.1126522442149 ], [ 87.748509852890962, 23.100072450458768 ], [ 87.754115048873714, 23.097424072825898 ], [ 87.752136744409214, 23.083189043049224 ], [ 87.764336288606984, 23.075574957354721 ], [ 87.741585787265194, 23.055381077904091 ], [ 87.741585787265194, 23.031214632004154 ], [ 87.721143307798656, 23.028235207167175 ], [ 87.712570655119137, 23.01102075255352 ], [ 87.711911220297637, 23.010358658145304 ], [ 87.702019697975118, 23.025255782330198 ], [ 87.686522979669846, 23.025255782330198 ], [ 87.698063089046116, 23.018303791043913 ], [ 87.692457893063349, 22.994137345143976 ], [ 87.691798458241848, 22.992482109123433 ], [ 87.676631457347327, 22.990495825898783 ], [ 87.641681411807767, 22.981888598591954 ], [ 87.651902651541036, 22.949114925385192 ], [ 87.640362542164766, 22.91832753540308 ], [ 87.620579497519728, 22.912037638525014 ], [ 87.631130454663747, 22.898795750360666 ], [ 87.61299599707246, 22.887871192625077 ], [ 87.60079645287469, 22.897802608748339 ], [ 87.585959169390918, 22.894823183911363 ], [ 87.569473298853381, 22.914354968953777 ], [ 87.548371384565343, 22.923624290668819 ], [ 87.528258622509554, 22.929252093138668 ], [ 87.522983143937552, 22.927927904322232 ], [ 87.456709944376684, 22.912368685729124 ], [ 87.357465003740757, 22.954411680650932 ], [ 87.31723947962918, 22.94481131173178 ], [ 87.27074932471335, 22.903761458422295 ], [ 87.244042214442558, 22.897471561544233 ], [ 87.221621430511519, 22.907734024871601 ], [ 87.211400190778249, 22.894161089503143 ], [ 87.170185514434422, 22.88952642864562 ], [ 87.128311403269095, 22.844172961682727 ], [ 87.063686790761977, 22.850462858560793 ], [ 87.053465551028708, 22.82265489341566 ], [ 87.077534922013498, 22.782929228922615 ], [ 87.080502378710264, 22.770349435166484 ], [ 87.088415596568268, 22.738899950776155 ], [ 87.077205204602748, 22.726651204224133 ], [ 87.076216052370498, 22.725658062611807 ], [ 87.076216052370498, 22.725658062611807 ], [ 87.051816963974957, 22.72764434583646 ], [ 87.020164092542899, 22.698181144670784 ], [ 87.015218331381647, 22.650179300075017 ], [ 86.962133828250799, 22.67566993479139 ], [ 86.947955979588528, 22.669380037913324 ], [ 86.95257202333903, 22.636937411910669 ], [ 86.91630310815647, 22.627005995787407 ], [ 86.89454175904693, 22.651172441687343 ], [ 86.803539753679772, 22.708774655202262 ], [ 86.717153792063115, 22.74485880045011 ], [ 86.695392442953576, 22.768032104737721 ], [ 86.671982506790286, 22.769356293554157 ], [ 86.65681550589575, 22.787232842576028 ], [ 86.61065506839067, 22.798157400311617 ], [ 86.610984785801421, 22.798488447515723 ], [ 86.61065506839067, 22.798819494719833 ] ] ] } },
{ "type": "Feature", "properties": { "id": null, "dt_code": "337", "district": "North 24 Parganas", "st_nm": "West Bengal", "st_code": "19", "year": "2011_c" }, "geometry": { "type": "Polygon", "coordinates": [ [ [ 89.055179951695536, 22.128117859195566 ], [ 89.05583938651705, 22.129442048012002 ], [ 89.054520516874035, 22.130766236828435 ], [ 89.018911036512975, 22.164533051647528 ], [ 89.018251601691475, 22.198961960874833 ], [ 88.970112859721894, 22.200617196895376 ], [ 88.953297271773607, 22.245970663858269 ], [ 88.952637836952107, 22.247956947082923 ], [ 88.949340662844605, 22.249612183103466 ], [ 88.928898183378067, 22.262523024063707 ], [ 88.91208259542978, 22.272785487391076 ], [ 88.906147682036277, 22.251598466328119 ], [ 88.895596724892258, 22.252260560736335 ], [ 88.87647311506872, 22.275764912228055 ], [ 88.864273570870949, 22.272454440186969 ], [ 88.850755157030179, 22.28735156437186 ], [ 88.815475394079868, 22.262854071267817 ], [ 88.804265002114349, 22.329063512089558 ], [ 88.822069742294872, 22.371106507011365 ], [ 88.77195269586079, 22.371106507011365 ], [ 88.773931000325291, 22.387989914420913 ], [ 88.766017782467273, 22.380044781522301 ], [ 88.766677217288773, 22.393286669686653 ], [ 88.750850781572751, 22.391631433666106 ], [ 88.754807390501753, 22.398583424952392 ], [ 88.733375758802964, 22.411163218708523 ], [ 88.733375758802964, 22.420763587627675 ], [ 88.703041757013906, 22.434005475792024 ], [ 88.703371474424657, 22.458834016100177 ], [ 88.703371474424657, 22.459827157712503 ], [ 88.665453972188345, 22.492600830919265 ], [ 88.649627536472323, 22.495249208552138 ], [ 88.656881319508827, 22.514449946390442 ], [ 88.651605840936824, 22.520739843268508 ], [ 88.629514774416535, 22.548216761209531 ], [ 88.628855339595034, 22.548547808413641 ], [ 88.627206752541269, 22.558479224536903 ], [ 88.623250143612267, 22.580659387212187 ], [ 88.622920426201517, 22.580990434416297 ], [ 88.590608119947959, 22.597211747417624 ], [ 88.59324585923396, 22.612770966010732 ], [ 88.560603835569651, 22.624357618154537 ], [ 88.553020335122397, 22.606481069132666 ], [ 88.543458530210629, 22.606481069132666 ], [ 88.554998639586898, 22.592908133764208 ], [ 88.521367463690339, 22.561789696577989 ], [ 88.521367463690339, 22.550203044434184 ], [ 88.472569286899244, 22.570727971088925 ], [ 88.467293808327241, 22.572714254313578 ], [ 88.466304656094991, 22.573045301517688 ], [ 88.46531550386274, 22.564769121414969 ], [ 88.454434829307971, 22.523057173697268 ], [ 88.433992349841432, 22.537292203473946 ], [ 88.413549870374894, 22.55682398851636 ], [ 88.408933826624391, 22.561458649373883 ], [ 88.391129086443854, 22.596880700213514 ], [ 88.391458803854604, 22.62899227901206 ], [ 88.364421976173062, 22.63197170384904 ], [ 88.358157345368795, 22.632633798257256 ], [ 88.357168193136545, 22.632633798257256 ], [ 88.350903562332277, 22.650510347279127 ], [ 88.350903562332277, 22.65216558329967 ], [ 88.349914410100027, 22.65514500813665 ], [ 88.363762541351562, 22.742872517225457 ], [ 88.330131365454989, 22.781273992902072 ], [ 88.352881866796793, 22.795840069882853 ], [ 88.356508758315044, 22.825634318252639 ], [ 88.377610672603083, 22.830600026314269 ], [ 88.371016324388066, 22.857414849847075 ], [ 88.372335194031066, 22.858739038663511 ], [ 88.403658348052375, 22.887871192625077 ], [ 88.397723434658872, 22.919982771423623 ], [ 88.403658348052375, 22.936204084424951 ], [ 88.406296087338376, 22.942493981303016 ], [ 88.422452240465162, 22.957391105487908 ], [ 88.46399663421974, 22.950108066997519 ], [ 88.471250417256243, 22.936204084424951 ], [ 88.505211310563553, 22.946797594956429 ], [ 88.513454245832321, 22.933886753996191 ], [ 88.563241574855667, 22.922962196260602 ], [ 88.565879314141668, 22.914023921749667 ], [ 88.611380316825247, 22.907402977667491 ], [ 88.627206752541269, 22.881912342951122 ], [ 88.652594993169075, 22.886547003808644 ], [ 88.657870471741077, 22.875953493277166 ], [ 88.668751146295847, 22.891843759074384 ], [ 88.654243580222825, 22.919982771423623 ], [ 88.656221884687326, 22.93885246205782 ], [ 88.678642668618366, 22.943818170119453 ], [ 88.663805385134594, 22.949114925385192 ], [ 88.662156798080844, 22.982881740204281 ], [ 88.677983233796866, 22.999103053205609 ], [ 88.675345494510864, 23.015655413411043 ], [ 88.688534190940885, 23.025586829534305 ], [ 88.682599277547382, 23.052401653067111 ], [ 88.696447408798903, 23.064319352415026 ], [ 88.683588429779633, 23.068954013272549 ], [ 88.674026624867864, 23.094113600784812 ], [ 88.694798821745152, 23.110334913786136 ], [ 88.704690344067672, 23.13582554850251 ], [ 88.693809669512902, 23.157674663973683 ], [ 88.699414865495655, 23.168930268913382 ], [ 88.711614409693425, 23.166281891280512 ], [ 88.719197910140693, 23.187137865139363 ], [ 88.717219605676192, 23.211966405447516 ], [ 88.701722887370906, 23.214614783080386 ], [ 88.702052604781656, 23.214945830284492 ], [ 88.702052604781656, 23.215607924692712 ], [ 88.707657800764423, 23.232491332102256 ], [ 88.709965822639674, 23.232491332102256 ], [ 88.752499368626502, 23.234477615326909 ], [ 88.767336652110274, 23.245402173062494 ], [ 88.778547044075793, 23.220573632754341 ], [ 88.8072324588111, 23.218918396733798 ], [ 88.810859350329352, 23.255995683593973 ], [ 88.828004655688389, 23.245071125858388 ], [ 88.823058894527122, 23.232822379306363 ], [ 88.836577308367907, 23.242753795429625 ], [ 88.845149961047412, 23.230174001673493 ], [ 88.855041483369931, 23.235801804143343 ], [ 88.885705202569739, 23.226201435224191 ], [ 88.906147682036277, 23.235801804143343 ], [ 88.914060899894295, 23.212959547059842 ], [ 88.926590161502816, 23.217263160713255 ], [ 88.942086879808087, 23.20567650856945 ], [ 88.969783142311144, 23.221897821570778 ], [ 88.977696360169148, 23.213621641468059 ], [ 88.975058620883146, 23.223553057591321 ], [ 88.994511948117434, 23.214283735876275 ], [ 88.979015229812163, 23.212628499855732 ], [ 88.986598730259416, 23.20236603652836 ], [ 88.979674664633663, 23.18184110987362 ], [ 88.964177946328377, 23.192765667609208 ], [ 88.938459988289836, 23.176213307403774 ], [ 88.927249596324316, 23.161978277627099 ], [ 88.929887335610317, 23.141784398176465 ], [ 88.920984965520049, 23.142777539788792 ], [ 88.899223616410509, 23.111990149806683 ], [ 88.8659221579247, 23.100403497662874 ], [ 88.873835375782718, 23.089809987131396 ], [ 88.860646679352698, 23.077561240579374 ], [ 88.883397180694487, 23.040815000923306 ], [ 88.870867919085967, 23.01697960222748 ], [ 88.879440571765471, 23.006055044491891 ], [ 88.846139113279662, 23.009365516532977 ], [ 88.866581592746201, 23.000096194817935 ], [ 88.871527353907467, 22.978247079346758 ], [ 88.857679222655932, 22.96798461601939 ], [ 88.859987244531197, 22.943487122915343 ], [ 88.894277855249257, 22.953087491834495 ], [ 88.88801322444499, 22.933224659587975 ], [ 88.909774573554529, 22.917665440994863 ], [ 88.897245311946008, 22.913030780137341 ], [ 88.896915594535258, 22.897140514340123 ], [ 88.927579313735066, 22.87198092682786 ], [ 88.946043488737104, 22.880257106930578 ], [ 88.969453424900394, 22.84384191447862 ], [ 88.959232185167124, 22.79683321149518 ], [ 88.938789705700586, 22.792860645045877 ], [ 88.91241231284053, 22.757769641410352 ], [ 88.921974117752299, 22.753134980552829 ], [ 88.916368921769546, 22.734596337122742 ], [ 88.928238748556566, 22.717712929713198 ], [ 88.962529359274626, 22.693215436609151 ], [ 88.926260444092065, 22.64984825287091 ], [ 88.936151966414585, 22.6266749485833 ], [ 88.959232185167124, 22.614095154827169 ], [ 88.938789705700586, 22.587280331294362 ], [ 88.944065184272588, 22.560465507761556 ], [ 88.962199641863876, 22.547223619597204 ], [ 88.974399186061646, 22.497566538980898 ], [ 88.996819969992686, 22.468765432223439 ], [ 88.989895904366932, 22.443605844711175 ], [ 89.000446861510937, 22.429370814934501 ], [ 88.972750599007895, 22.411163218708523 ], [ 88.991874208831433, 22.390969339257889 ], [ 88.984620425794915, 22.326415134456688 ], [ 88.999787426689437, 22.324759898436145 ], [ 89.025175667317242, 22.298607169311559 ], [ 88.999457709278687, 22.296620886086906 ], [ 88.995171382938935, 22.28735156437186 ], [ 89.021219058388226, 22.268481873737663 ], [ 89.012976123119472, 22.255571032777425 ], [ 89.033088885175246, 22.259212552022621 ], [ 89.041331820444015, 22.230411445265162 ], [ 89.065071474018055, 22.207238140977552 ], [ 89.071336104822322, 22.156587918748915 ], [ 89.095735193217863, 22.160229437994111 ], [ 89.093097453931861, 22.146325455421547 ], [ 89.057158256160051, 22.11951063188874 ], [ 89.055179951695536, 22.128117859195566 ] ] ] } },
{ "type": "Feature", "properties": { "id": null, "dt_code": "338", "district": "Hooghly", "st_nm": "West Bengal", "st_code": "19", "year": "2011_c" }, "geometry": { "type": "Polygon", "coordinates": [ [ [ 87.853359989509642, 22.594894416988861 ], [ 87.853359989509642, 22.595556511397078 ], [ 87.812804747987315, 22.614757249235385 ], [ 87.812475030576564, 22.633626939869583 ], [ 87.802583508254045, 22.633957987073689 ], [ 87.763676853785483, 22.688249728547522 ], [ 87.760379679677982, 22.722678637774827 ], [ 87.740596635032944, 22.737244714755612 ], [ 87.740926352443694, 22.777632473656876 ], [ 87.726089068959908, 22.774322001615786 ], [ 87.726748503781423, 22.787232842576028 ], [ 87.718505568512654, 22.788225984188355 ], [ 87.685863544848345, 22.774984096024006 ], [ 87.676961174758077, 22.781936087310289 ], [ 87.682896088151594, 22.802129966760919 ], [ 87.650913499308786, 22.801467872352703 ], [ 87.630471019842247, 22.811730335680075 ], [ 87.622887519394979, 22.844172961682727 ], [ 87.61299599707246, 22.850462858560793 ], [ 87.58892662608767, 22.841524584049857 ], [ 87.556614319834111, 22.86668417156212 ], [ 87.515729360901034, 22.866022077153904 ], [ 87.532544948849321, 22.881912342951122 ], [ 87.527269470277304, 22.897802608748339 ], [ 87.511113317150532, 22.897140514340123 ], [ 87.504848686346264, 22.917996488198973 ], [ 87.522653426526801, 22.917003346586647 ], [ 87.522983143937552, 22.927927904322232 ], [ 87.528258622509554, 22.929252093138668 ], [ 87.548371384565343, 22.923624290668819 ], [ 87.569473298853381, 22.914354968953777 ], [ 87.585959169390918, 22.894823183911363 ], [ 87.60079645287469, 22.897802608748339 ], [ 87.61299599707246, 22.887871192625077 ], [ 87.631130454663747, 22.898795750360666 ], [ 87.620579497519728, 22.912037638525014 ], [ 87.640362542164766, 22.91832753540308 ], [ 87.651902651541036, 22.949114925385192 ], [ 87.641681411807767, 22.981888598591954 ], [ 87.676631457347327, 22.990495825898783 ], [ 87.691798458241848, 22.992482109123433 ], [ 87.692457893063349, 22.994137345143976 ], [ 87.698063089046116, 23.018303791043913 ], [ 87.686522979669846, 23.025255782330198 ], [ 87.702019697975118, 23.025255782330198 ], [ 87.711911220297637, 23.010358658145304 ], [ 87.712570655119137, 23.01102075255352 ], [ 87.712570655119137, 23.01102075255352 ], [ 87.711911220297637, 23.010358658145304 ], [ 87.715538111815903, 23.006717138900107 ], [ 87.741585787265194, 22.969970899244039 ], [ 87.742245222086694, 22.96533623838652 ], [ 87.744553243961946, 22.965667285590627 ], [ 87.785767920305773, 22.969970899244039 ], [ 87.796648594860542, 22.950770161405735 ], [ 87.814123617630329, 22.945473406139996 ], [ 87.819728813613082, 22.957722152692018 ], [ 87.83885242343662, 22.935873037220844 ], [ 87.872483599333179, 22.941169792486583 ], [ 87.87380246897618, 22.955735869467365 ], [ 87.8856722957632, 22.96202576634543 ], [ 87.890947774335217, 22.934548848404408 ], [ 87.890947774335217, 22.933886753996191 ], [ 87.912379406033992, 22.945142358935886 ], [ 87.940075668537048, 22.942825028507126 ], [ 87.948978038627317, 22.958715294304344 ], [ 87.959199278360586, 22.952756444630388 ], [ 87.977333735951859, 22.964343096774193 ], [ 87.987225258274378, 22.963681002365973 ], [ 88.005689433276416, 22.96235681354954 ], [ 88.008986607383918, 22.96202576634543 ], [ 88.008656889973167, 22.963681002365973 ], [ 88.007008302919417, 22.981557551387844 ], [ 88.020526716760187, 22.975929748917999 ], [ 88.020526716760187, 22.987516401061804 ], [ 88.032726260957958, 22.979571268163195 ], [ 88.049871566316995, 22.989833731490563 ], [ 88.036353152476224, 23.013007035778173 ], [ 88.051190435959995, 23.046442803393155 ], [ 88.087789068553306, 23.043132331352069 ], [ 88.14647876766692, 23.077561240579374 ], [ 88.162964638204443, 23.124569943562811 ], [ 88.153732550703424, 23.132515076461424 ], [ 88.16922926900871, 23.155688380749034 ], [ 88.235832185980328, 23.158336758381903 ], [ 88.269463361876888, 23.127218321195684 ], [ 88.316942669024968, 23.125563085175138 ], [ 88.321558712775484, 23.13284612366553 ], [ 88.360135649833296, 23.118280046684745 ], [ 88.361124802065547, 23.117948999480639 ], [ 88.362443671708547, 23.152377908707944 ], [ 88.375302650727832, 23.162971419239426 ], [ 88.367059715459064, 23.177206449016101 ], [ 88.381567281532085, 23.180847968261297 ], [ 88.382886151175086, 23.195745092446188 ], [ 88.402669195820124, 23.188793101159906 ], [ 88.414209305196394, 23.210311169426973 ], [ 88.414209305196394, 23.210311169426973 ], [ 88.414868740017894, 23.210311169426973 ], [ 88.460040025290724, 23.221566774366668 ], [ 88.469931547613243, 23.205014414161234 ], [ 88.458061720826223, 23.159991994402446 ], [ 88.435640936895183, 23.146750106238098 ], [ 88.433662632430682, 23.145756964625772 ], [ 88.501914136456051, 23.105369205724507 ], [ 88.459380590469223, 23.067629824456112 ], [ 88.494660353419533, 23.047435945005482 ], [ 88.449489068146704, 23.055381077904091 ], [ 88.410252696267392, 23.002744572450805 ], [ 88.404977217695375, 22.992151061919326 ], [ 88.404977217695375, 22.992151061919326 ], [ 88.403658348052375, 22.989833731490563 ], [ 88.433992349841432, 23.030221490391828 ], [ 88.416847044482395, 22.996123628368629 ], [ 88.409922978856642, 22.989833731490563 ], [ 88.409263544035142, 22.981226504183738 ], [ 88.406296087338376, 22.942493981303016 ], [ 88.403658348052375, 22.936204084424951 ], [ 88.397723434658872, 22.919982771423623 ], [ 88.403658348052375, 22.887871192625077 ], [ 88.372335194031066, 22.858739038663511 ], [ 88.371016324388066, 22.857414849847075 ], [ 88.377610672603083, 22.830600026314269 ], [ 88.356508758315044, 22.825634318252639 ], [ 88.352881866796793, 22.795840069882853 ], [ 88.330131365454989, 22.781273992902072 ], [ 88.363762541351562, 22.742872517225457 ], [ 88.349914410100027, 22.65514500813665 ], [ 88.317931821257218, 22.670704226729757 ], [ 88.294521885093928, 22.662759093831149 ], [ 88.280673753842407, 22.658124432973626 ], [ 88.280014319020907, 22.657793385769519 ], [ 88.279684601610157, 22.657793385769519 ], [ 88.242096816784581, 22.677325170811933 ], [ 88.196925531511752, 22.662428046627042 ], [ 88.182747682849481, 22.670373179525651 ], [ 88.179450508741979, 22.65183453609556 ], [ 88.173185877937712, 22.689573917363955 ], [ 88.16922926900871, 22.681297737261236 ], [ 88.156370289989439, 22.689573917363955 ], [ 88.148786789542172, 22.67533888758728 ], [ 88.135268375701401, 22.67798726522015 ], [ 88.11119900471661, 22.707450466385826 ], [ 88.09998861275109, 22.704802088752956 ], [ 88.100977764983341, 22.693546483813261 ], [ 88.066687154265281, 22.686594492526979 ], [ 88.072951785069534, 22.697850097466674 ], [ 88.063389980157766, 22.713409316059781 ], [ 88.048552696673994, 22.680635642853019 ], [ 88.025142760510704, 22.690898106180391 ], [ 88.009975759616168, 22.686594492526979 ], [ 87.992500736846395, 22.70447104154885 ], [ 87.987884693095879, 22.732279006693979 ], [ 87.998105932829148, 22.744527753246004 ], [ 87.981290344880875, 22.780942945697962 ], [ 87.980630910059375, 22.781273992902072 ], [ 87.949637473448817, 22.771673623982917 ], [ 87.94403227746605, 22.715726646488545 ], [ 87.922600645767261, 22.686594492526979 ], [ 87.938427081483297, 22.630647515032603 ], [ 87.901828448889972, 22.62932332621617 ], [ 87.889299187281452, 22.607805257949103 ], [ 87.86226235959991, 22.60548792752034 ], [ 87.857646315849394, 22.600191172254601 ], [ 87.853359989509642, 22.594894416988861 ] ] ] } },
{ "type": "Feature", "properties": { "id": null, "dt_code": "341", "district": "Howrah", "st_nm": "West Bengal", "st_code": "19", "year": "2011_c" }, "geometry": { "type": "Polygon", "coordinates": [ [ [ 88.23879964267708, 22.544575241964335 ], [ 88.233524164105077, 22.545237336372555 ], [ 88.23978879490933, 22.522395079289051 ], [ 88.208465640888022, 22.516105182410985 ], [ 88.16922926900871, 22.482007320387787 ], [ 88.120431092217615, 22.464792865774136 ], [ 88.118123070342364, 22.464130771365916 ], [ 88.119771657396115, 22.460158204916613 ], [ 88.129663179718634, 22.43797804224133 ], [ 88.141203289094904, 22.412487407524956 ], [ 88.141203289094904, 22.410170077096197 ], [ 88.090426807839322, 22.363492421316867 ], [ 88.096032003822074, 22.306221255006058 ], [ 88.089767373017821, 22.286358422759534 ], [ 88.081194720338303, 22.266164543308903 ], [ 88.081524437749053, 22.261198835247271 ], [ 88.080535285516802, 22.257226268797968 ], [ 88.067676306497532, 22.255571032777425 ], [ 88.058114501585763, 22.234052964510358 ], [ 88.034374848011723, 22.219155840325463 ], [ 87.997446498007648, 22.244977522245946 ], [ 87.998105932829148, 22.24663275826649 ], [ 87.952275212734818, 22.277089101044492 ], [ 87.936778494429547, 22.421756729240002 ], [ 87.89655297031797, 22.427715578913958 ], [ 87.878748230137433, 22.446585269548155 ], [ 87.878088795315932, 22.448902599976915 ], [ 87.901498731479222, 22.468434385019332 ], [ 87.899850144425471, 22.470751715448092 ], [ 87.88468314353095, 22.494256066939812 ], [ 87.893585513621218, 22.519415654452075 ], [ 87.864240664064411, 22.53365068422875 ], [ 87.845446771651623, 22.557155035720466 ], [ 87.847425076116139, 22.566093310231402 ], [ 87.853359989509642, 22.594894416988861 ], [ 87.857646315849394, 22.600191172254601 ], [ 87.86226235959991, 22.60548792752034 ], [ 87.889299187281452, 22.607805257949103 ], [ 87.901828448889972, 22.62932332621617 ], [ 87.938427081483297, 22.630647515032603 ], [ 87.922600645767261, 22.686594492526979 ], [ 87.94403227746605, 22.715726646488545 ], [ 87.949637473448817, 22.771673623982917 ], [ 87.980630910059375, 22.781273992902072 ], [ 87.981290344880875, 22.780942945697962 ], [ 87.998105932829148, 22.744527753246004 ], [ 87.987884693095879, 22.732279006693979 ], [ 87.992500736846395, 22.70447104154885 ], [ 88.009975759616168, 22.686594492526979 ], [ 88.025142760510704, 22.690898106180391 ], [ 88.048552696673994, 22.680635642853019 ], [ 88.063389980157766, 22.713409316059781 ], [ 88.072951785069534, 22.697850097466674 ], [ 88.066687154265281, 22.686594492526979 ], [ 88.100977764983341, 22.693546483813261 ], [ 88.09998861275109, 22.704802088752956 ], [ 88.11119900471661, 22.707450466385826 ], [ 88.135268375701401, 22.67798726522015 ], [ 88.148786789542172, 22.67533888758728 ], [ 88.156370289989439, 22.689573917363955 ], [ 88.16922926900871, 22.681297737261236 ], [ 88.173185877937712, 22.689573917363955 ], [ 88.179450508741979, 22.65183453609556 ], [ 88.182747682849481, 22.670373179525651 ], [ 88.196925531511752, 22.662428046627042 ], [ 88.242096816784581, 22.677325170811933 ], [ 88.279684601610157, 22.657793385769519 ], [ 88.280014319020907, 22.657793385769519 ], [ 88.280673753842407, 22.658124432973626 ], [ 88.294521885093928, 22.662759093831149 ], [ 88.317931821257218, 22.670704226729757 ], [ 88.349914410100027, 22.65514500813665 ], [ 88.350903562332277, 22.65216558329967 ], [ 88.350903562332277, 22.650510347279127 ], [ 88.357168193136545, 22.632633798257256 ], [ 88.358157345368795, 22.632633798257256 ], [ 88.359476215011796, 22.62899227901206 ], [ 88.361784236887047, 22.623033429338104 ], [ 88.351562997153778, 22.60548792752034 ], [ 88.320899277953984, 22.552189327658837 ], [ 88.245064273481347, 22.560465507761556 ], [ 88.23879964267708, 22.552189327658837 ], [ 88.23879964267708, 22.544575241964335 ] ] ] } },
{ "type": "Feature", "properties": { "id": null, "dt_code": "342", "district": "Kolkata", "st_nm": "West Bengal", "st_code": "19", "year": "2011_c" }, "geometry": { "type": "Polygon", "coordinates": [ [ [ 88.413549870374894, 22.55682398851636 ], [ 88.402998913230874, 22.55881027174101 ], [ 88.402009760998624, 22.55947236614923 ], [ 88.401350326177123, 22.55914131894512 ], [ 88.392447956086855, 22.551196186046511 ], [ 88.372994628852567, 22.534312778636966 ], [ 88.367719150280564, 22.512463663165789 ], [ 88.360465367244046, 22.509484238328813 ], [ 88.342001192242023, 22.503856435858964 ], [ 88.291554428397177, 22.516767276819202 ], [ 88.288257254289675, 22.538285345086269 ], [ 88.288257254289675, 22.538285345086269 ], [ 88.287927536878925, 22.538285345086269 ], [ 88.259901556965119, 22.533981731432856 ], [ 88.257923252500618, 22.541926864331465 ], [ 88.23879964267708, 22.544575241964335 ], [ 88.23879964267708, 22.552189327658837 ], [ 88.245064273481347, 22.560465507761556 ], [ 88.320899277953984, 22.552189327658837 ], [ 88.351562997153778, 22.60548792752034 ], [ 88.361784236887047, 22.623033429338104 ], [ 88.359476215011796, 22.62899227901206 ], [ 88.358157345368795, 22.632633798257256 ], [ 88.364421976173062, 22.63197170384904 ], [ 88.391458803854604, 22.62899227901206 ], [ 88.391129086443854, 22.596880700213514 ], [ 88.408933826624391, 22.561458649373883 ], [ 88.413549870374894, 22.55682398851636 ] ] ] } },
{ "type": "Feature", "properties": { "id": null, "dt_code": "774", "district": "Alipurduar", "st_nm": "West Bengal", "st_code": "19", "year": "2014_c" }, "geometry": { "type": "Polygon", "coordinates": [ [ [ 89.119474846791903, 26.524093682555254 ], [ 89.119145129381153, 26.524093682555254 ], [ 89.115847955273651, 26.541639184373018 ], [ 89.103648411075881, 26.538990806740145 ], [ 89.10199982402213, 26.563488299844192 ], [ 89.093097453931861, 26.567129819089388 ], [ 89.098043215093114, 26.578054376824976 ], [ 89.104637563308131, 26.591627312193435 ], [ 89.105296998129631, 26.592620453805758 ], [ 89.074633278929824, 26.594937784234521 ], [ 89.074303561519073, 26.603876058745456 ], [ 89.06737949589332, 26.596593020255064 ], [ 89.045288429373031, 26.613145380460502 ], [ 89.042320972676265, 26.631352976686479 ], [ 89.06704977848257, 26.700210795141093 ], [ 89.075292713751324, 26.748874734145076 ], [ 89.069028082947071, 26.761123480697098 ], [ 89.092767736521111, 26.813759986150384 ], [ 89.09012999723511, 26.839581668070863 ], [ 89.09045971464586, 26.84057480968319 ], [ 89.129036651703672, 26.806476947659991 ], [ 89.168932458404498, 26.81475312776271 ], [ 89.255977854842655, 26.807801136476428 ], [ 89.315656706188506, 26.84355423452017 ], [ 89.324888793689524, 26.837264337642104 ], [ 89.37467612271287, 26.854147745051648 ], [ 89.382259623160124, 26.836271196029777 ], [ 89.428749778075954, 26.835278054417451 ], [ 89.454467736114509, 26.797869720353166 ], [ 89.547777763356919, 26.813097891742167 ], [ 89.557999003090188, 26.797538673149056 ], [ 89.640098638367093, 26.777344793698425 ], [ 89.636471746848827, 26.750529970165619 ], [ 89.608775484345784, 26.727356665878009 ], [ 89.619985876311304, 26.715770013734204 ], [ 89.627899094169322, 26.72239095781638 ], [ 89.649660443278862, 26.715438966530094 ], [ 89.665816596405634, 26.736957034797161 ], [ 89.714944490607479, 26.720073627387617 ], [ 89.743629905342772, 26.732653421143748 ], [ 89.76374266739856, 26.69888660632466 ], [ 89.79935214775962, 26.708155928039702 ], [ 89.851117781247467, 26.69855555912055 ], [ 89.863317325445237, 26.681341104506895 ], [ 89.866284782141989, 26.645588006463154 ], [ 89.849798911604466, 26.62307679658376 ], [ 89.869581956249505, 26.614138522072828 ], [ 89.865625347320488, 26.591958359397541 ], [ 89.874198, 26.584013226498932 ], [ 89.85771212946247, 26.576068093600323 ], [ 89.862328173212987, 26.55388793092504 ], [ 89.851117781247467, 26.520783210514168 ], [ 89.850458346425967, 26.489002678919732 ], [ 89.869581956249505, 26.463843091407469 ], [ 89.847820607139965, 26.422793238097988 ], [ 89.85639325981947, 26.412861821974726 ], [ 89.836610215174446, 26.412530774770616 ], [ 89.83463191070993, 26.414517057995269 ], [ 89.83463191070993, 26.414517057995269 ], [ 89.825729540619676, 26.422131143689768 ], [ 89.834961628120681, 26.43173151260892 ], [ 89.820454062047659, 26.434048843037683 ], [ 89.827707845084177, 26.448614920018468 ], [ 89.853096085711968, 26.445635495181488 ], [ 89.847820607139965, 26.451925392059554 ], [ 89.859690433926986, 26.466160421836229 ], [ 89.8455125852647, 26.470132988285535 ], [ 89.82177293169066, 26.470795082693751 ], [ 89.823751236155161, 26.459870524958163 ], [ 89.749235101325539, 26.464836233019795 ], [ 89.747256796861024, 26.440338739915749 ], [ 89.7281331870375, 26.445304447977378 ], [ 89.697139750426942, 26.427427898955507 ], [ 89.658562813369116, 26.440338739915749 ], [ 89.648011856225096, 26.423124285302094 ], [ 89.622623615597306, 26.423124285302094 ], [ 89.616688702203803, 26.398957839402158 ], [ 89.581738656664228, 26.43007627658838 ], [ 89.561625894608454, 26.428421040567834 ], [ 89.569868829877208, 26.418820671648682 ], [ 89.561296177197704, 26.410544491545963 ], [ 89.546129176303168, 26.416172294015812 ], [ 89.556680133447188, 26.43007627658838 ], [ 89.536897088802149, 26.442325023140402 ], [ 89.539534828088165, 26.45821528893762 ], [ 89.524038109782879, 26.473774507530727 ], [ 89.501617325851839, 26.464836233019795 ], [ 89.49238523835082, 26.477747073980034 ], [ 89.451170562007007, 26.487678490103296 ], [ 89.434684691469471, 26.467484610652662 ], [ 89.391491710661143, 26.462518902591032 ], [ 89.354563360657082, 26.494630481389578 ], [ 89.302797727169235, 26.48138859322523 ], [ 89.189045220460287, 26.510189699982689 ], [ 89.176186241441002, 26.501582472675864 ], [ 89.147830544116459, 26.518134832881298 ], [ 89.119804564202653, 26.524093682555254 ], [ 89.119474846791903, 26.524093682555254 ] ] ] } },
{ "type": "Feature", "properties": { "id": null, "dt_code": "777", "district": "Paschim Bardhaman", "st_nm": "West Bengal", "st_code": "19", "year": "2017_c" }, "geometry": { "type": "Polygon", "coordinates": [ [ [ 87.111495815320822, 23.775077699636448 ], [ 87.153369926486135, 23.749256017715968 ], [ 87.208762451492234, 23.749918112124185 ], [ 87.22392945238677, 23.73800041277627 ], [ 87.263825259087582, 23.749256017715968 ], [ 87.286905477840136, 23.725751666224248 ], [ 87.352848959990254, 23.722772241387268 ], [ 87.369334830527777, 23.700261031507875 ], [ 87.408900919817853, 23.687019143343527 ], [ 87.417473572497357, 23.674108302383289 ], [ 87.410879224282354, 23.654907564544981 ], [ 87.446488704643414, 23.614519805643717 ], [ 87.486714228754991, 23.603926295112238 ], [ 87.488362815808742, 23.602602106295805 ], [ 87.489351968040992, 23.603264200704022 ], [ 87.494627446612995, 23.601940011887585 ], [ 87.524302013580552, 23.617168183276586 ], [ 87.529577492152569, 23.615181900051937 ], [ 87.533863818492321, 23.608892003173871 ], [ 87.524631730991302, 23.588698123723237 ], [ 87.498913772952761, 23.576449377171215 ], [ 87.484076489468976, 23.552613978475389 ], [ 87.490341120273243, 23.538047901494604 ], [ 87.476163271610972, 23.527123343759015 ], [ 87.465942031877702, 23.531426957412428 ], [ 87.472536380092706, 23.523481824513819 ], [ 87.450115596161666, 23.481107782387905 ], [ 87.466601466699203, 23.478128357550926 ], [ 87.469898640806704, 23.443699448323617 ], [ 87.463963727413201, 23.424167663281203 ], [ 87.462974575180951, 23.422181380056553 ], [ 87.445499552411164, 23.418539860811357 ], [ 87.444180682768163, 23.431119654567489 ], [ 87.434289160445644, 23.421188238444227 ], [ 87.449126443929416, 23.402980642218246 ], [ 87.277673390339118, 23.499315378613883 ], [ 87.208762451492234, 23.557579686537018 ], [ 87.119738750589576, 23.577773565987648 ], [ 87.014229179149396, 23.632396354665588 ], [ 86.920259717085472, 23.630741118645044 ], [ 86.902454976904949, 23.639348345951873 ], [ 86.846732734488086, 23.684039718506551 ], [ 86.798923709929255, 23.699929984303768 ], [ 86.811782688948526, 23.745283451266662 ], [ 86.828598276896813, 23.759849528247447 ], [ 86.825630820200061, 23.777395030065207 ], [ 86.804199188501272, 23.801561475965144 ], [ 86.810134101894775, 23.821755355415775 ], [ 86.800242579572256, 23.8340041019678 ], [ 86.809804384484025, 23.835328290784233 ], [ 86.814090710823791, 23.818444883374688 ], [ 86.826619972432312, 23.814141269721276 ], [ 86.874758714401892, 23.847577037336258 ], [ 86.889925715296414, 23.819769072191125 ], [ 86.89454175904693, 23.834997243580126 ], [ 86.88135306261691, 23.863136255929366 ], [ 86.91630310815647, 23.88266804097178 ], [ 86.946966827356277, 23.845921801315711 ], [ 86.9627932630723, 23.849563320560907 ], [ 86.973014502805569, 23.869095105603321 ], [ 87.037968832723436, 23.839300857233539 ], [ 87.087426444336018, 23.81016870327197 ], [ 87.111495815320822, 23.775077699636448 ] ] ] } },
{ "type": "Feature", "properties": { "id": null, "dt_code": "775", "district": "Kalimpong", "st_nm": "West Bengal", "st_code": "19", "year": "2017_c" }, "geometry": { "type": "Polygon", "coordinates": [ [ [ 88.478833917703511, 26.879969426972128 ], [ 88.475207026185259, 26.913074147383 ], [ 88.443224437342451, 26.938233734895263 ], [ 88.438938111002685, 26.960744944774657 ], [ 88.423771110108163, 26.956441331121241 ], [ 88.418165914125396, 26.981931965837614 ], [ 88.390469651622354, 26.98822186271568 ], [ 88.422122523054412, 27.009408883778637 ], [ 88.412890435553393, 27.025630196779964 ], [ 88.41849563153616, 27.061383294823706 ], [ 88.425749414572664, 27.071314710946968 ], [ 88.458721155647723, 27.089522307172949 ], [ 88.475207026185259, 27.120971791563278 ], [ 88.496308940473298, 27.122295980379711 ], [ 88.529940116369858, 27.148117662300191 ], [ 88.531918420834359, 27.176256674649434 ], [ 88.597202468162976, 27.188174373997345 ], [ 88.652924710579825, 27.160035361648106 ], [ 88.688204473530135, 27.175263533037107 ], [ 88.706668648532172, 27.166325258526172 ], [ 88.724473388712696, 27.135537868544059 ], [ 88.798000371310081, 27.139179387789255 ], [ 88.846139113279662, 27.108391997807146 ], [ 88.8659221579247, 27.109054092215363 ], [ 88.87680283247947, 27.037216848923769 ], [ 88.867900462389201, 26.965048558428069 ], [ 88.789427718630563, 26.991201287552659 ], [ 88.755796542734004, 26.963724369611633 ], [ 88.75942343425227, 26.925653941139132 ], [ 88.663475667723844, 26.925984988343242 ], [ 88.668421428885097, 26.945516773385656 ], [ 88.658529906562578, 26.967034841652723 ], [ 88.635779405220788, 26.930288601996654 ], [ 88.634460535577787, 26.905791108892608 ], [ 88.620282686915516, 26.905129014484391 ], [ 88.602807664145729, 26.879638379768018 ], [ 88.573133097178186, 26.888576654278957 ], [ 88.51147594136782, 26.863086019562584 ], [ 88.478833917703511, 26.879969426972128 ] ] ] } },
{ "type": "Feature", "properties": { "id": null, "dt_code": "329", "district": "Cooch Behar", "st_nm": "West Bengal", "st_code": "19", "year": "2011_c" }, "geometry": { "type": "MultiPolygon", "coordinates": [ [ [ [ 89.495352695047586, 25.934829659241736 ], [ 89.489417781654069, 25.928870809567776 ], [ 89.487439477189568, 25.930857092792429 ], [ 89.495352695047586, 25.934829659241736 ] ] ], [ [ [ 89.508541391477607, 25.947409452997867 ], [ 89.494693260226072, 25.954692491488256 ], [ 89.50227676067334, 25.959658199549889 ], [ 89.508541391477607, 25.947409452997867 ] ] ], [ [ [ 89.598554244612515, 25.95138201944717 ], [ 89.604489158006018, 25.942443744936234 ], [ 89.588333004879246, 25.935491753649952 ], [ 89.586684417825495, 25.946416311385541 ], [ 89.576463178092226, 25.932512328812972 ], [ 89.574484873627725, 25.947740500201974 ], [ 89.564593351305206, 25.948071547406084 ], [ 89.586024983003995, 25.962306577182758 ], [ 89.598554244612515, 25.95138201944717 ] ] ], [ [ [ 89.617348137025303, 26.124519707196029 ], [ 89.615040115150038, 26.127499132033009 ], [ 89.618667006668304, 26.126505990420682 ], [ 89.617348137025303, 26.124519707196029 ] ] ], [ [ [ 89.611413223631786, 26.128161226441225 ], [ 89.605478310238283, 26.130478556869988 ], [ 89.609434919167285, 26.131140651278205 ], [ 89.611413223631786, 26.128161226441225 ] ] ], [ [ [ 89.623283050418806, 26.151334530728835 ], [ 89.625261354883307, 26.148355105891859 ], [ 89.620645311132805, 26.154313955565815 ], [ 89.623283050418806, 26.151334530728835 ] ] ], [ [ [ 88.975718055704647, 26.193708572854753 ], [ 88.972420881597145, 26.195694856079406 ], [ 88.972750599007895, 26.198343233712276 ], [ 88.975718055704647, 26.193708572854753 ] ] ], [ [ [ 88.950329815076856, 26.201984752957472 ], [ 88.948681228023105, 26.203308941773905 ], [ 88.950989249898356, 26.202977894569798 ], [ 88.950329815076856, 26.201984752957472 ] ] ], [ [ [ 89.665157161584133, 26.16854898534249 ], [ 89.664168009351883, 26.16590060770962 ], [ 89.660541117833631, 26.168217938138383 ], [ 89.665157161584133, 26.16854898534249 ] ] ], [ [ [ 88.961540207042376, 26.201322658549252 ], [ 88.957583598113374, 26.204964177794448 ], [ 88.962199641863876, 26.204964177794448 ], [ 88.961540207042376, 26.201322658549252 ] ] ], [ [ [ 88.965167098560627, 26.214564546713603 ], [ 88.959891619988625, 26.21257826348895 ], [ 88.954286424005858, 26.213240357897167 ], [ 88.965167098560627, 26.214564546713603 ] ] ], [ [ [ 89.055179951695536, 26.242703559062843 ], [ 89.054190799463285, 26.242703559062843 ], [ 89.054190799463285, 26.244027747879279 ], [ 89.055179951695536, 26.242703559062843 ] ] ], [ [ [ 89.057158256160051, 26.243034606266953 ], [ 89.05649882133855, 26.243696700675169 ], [ 89.057487973570801, 26.243696700675169 ], [ 89.057158256160051, 26.243034606266953 ] ] ], [ [ [ 89.085843670895343, 26.249324503145019 ], [ 89.074303561519073, 26.248331361532692 ], [ 89.074303561519073, 26.250317644757345 ], [ 89.085843670895343, 26.249324503145019 ] ] ], [ [ [ 89.073314409286823, 26.278787704310695 ], [ 89.071006387411572, 26.278125609902474 ], [ 89.069687517768571, 26.282760270759997 ], [ 89.073314409286823, 26.278787704310695 ] ] ], [ [ [ 89.080238474912591, 26.292691686883259 ], [ 89.076611583394325, 26.292360639679153 ], [ 89.075622431162074, 26.296002158924345 ], [ 89.080238474912591, 26.292691686883259 ] ] ], [ [ [ 89.013635557940972, 26.300967866985978 ], [ 89.012646405708722, 26.301298914190085 ], [ 89.012976123119472, 26.302954150210631 ], [ 89.013635557940972, 26.300967866985978 ] ] ], [ [ [ 89.059795995446052, 26.304278339027064 ], [ 89.068698365536321, 26.297988442148998 ], [ 89.059136560624552, 26.295009017312019 ], [ 89.059795995446052, 26.304278339027064 ] ] ], [ [ [ 89.069357800357821, 26.305271480639391 ], [ 89.068698365536321, 26.30825090547637 ], [ 89.070017235179321, 26.30825090547637 ], [ 89.069357800357821, 26.305271480639391 ] ] ], [ [ [ 89.053861082052535, 26.309906141496914 ], [ 89.052871929820284, 26.306264622251717 ], [ 89.047926168659032, 26.306264622251717 ], [ 89.053861082052535, 26.309906141496914 ] ] ], [ [ [ 89.068368648125571, 26.308912999884587 ], [ 89.064741756607305, 26.309244047088697 ], [ 89.064741756607305, 26.31288556633389 ], [ 89.068368648125571, 26.308912999884587 ] ] ], [ [ [ 89.021219058388226, 26.316527085579089 ], [ 89.017262449459224, 26.31089928310924 ], [ 89.016273297226974, 26.316527085579089 ], [ 89.021219058388226, 26.316527085579089 ] ] ], [ [ [ 89.001106296332452, 26.317189179987306 ], [ 88.997479404814186, 26.318513368803739 ], [ 88.997809122224936, 26.322485935253045 ], [ 89.001106296332452, 26.317189179987306 ] ] ], [ [ [ 89.034078037407511, 26.317851274395522 ], [ 89.027483689192493, 26.318844416007849 ], [ 89.035396907050512, 26.320830699232502 ], [ 89.034078037407511, 26.317851274395522 ] ] ], [ [ [ 89.074962996340574, 26.323479076865372 ], [ 89.069687517768571, 26.313216613538 ], [ 89.054850234284785, 26.322154888048935 ], [ 89.074962996340574, 26.323479076865372 ] ] ], [ [ [ 89.008030361958205, 26.324472218477695 ], [ 89.005722340082954, 26.329768973743437 ], [ 89.009019514190456, 26.327782690518784 ], [ 89.008030361958205, 26.324472218477695 ] ] ], [ [ [ 89.008360079368956, 26.340031437070806 ], [ 89.017921884280724, 26.333079445784524 ], [ 89.010338383833457, 26.331093162559871 ], [ 89.008360079368956, 26.340031437070806 ] ] ], [ [ [ 88.996490252581935, 26.344666097928329 ], [ 88.997479404814186, 26.341686673091349 ], [ 88.990225621777682, 26.343010861907786 ], [ 88.996490252581935, 26.344666097928329 ] ] ], [ [ [ 88.985939295437916, 26.35691484448035 ], [ 88.986269012848666, 26.354928561255697 ], [ 88.980663816865913, 26.354928561255697 ], [ 88.985939295437916, 26.35691484448035 ] ] ], [ [ [ 89.075952148572824, 26.365853118991286 ], [ 89.074633278929824, 26.366846260603612 ], [ 89.075952148572824, 26.367839402215939 ], [ 89.075952148572824, 26.365853118991286 ] ] ], [ [ [ 88.932195357485568, 26.376115582318658 ], [ 88.931865640074818, 26.366515213399502 ], [ 88.921314682930799, 26.373798251889895 ], [ 88.932195357485568, 26.376115582318658 ] ] ], [ [ [ 89.052542212409534, 26.372143015869352 ], [ 89.052871929820284, 26.368170449420049 ], [ 89.051882777588034, 26.368170449420049 ], [ 89.052542212409534, 26.372143015869352 ] ] ], [ [ [ 89.050234190534283, 26.372805110277568 ], [ 89.047596451248282, 26.372805110277568 ], [ 89.047926168659032, 26.376115582318658 ], [ 89.050234190534283, 26.372805110277568 ] ] ], [ [ [ 89.054190799463285, 26.372805110277568 ], [ 89.053201647231035, 26.378101865543307 ], [ 89.054520516874035, 26.376115582318658 ], [ 89.054190799463285, 26.372805110277568 ] ] ], [ [ [ 89.07990875750184, 26.389026423278896 ], [ 89.07891960526959, 26.388695376074789 ], [ 89.07826017044809, 26.389688517687112 ], [ 89.07990875750184, 26.389026423278896 ] ] ], [ [ [ 88.984620425794915, 26.391012706503549 ], [ 88.981982686508914, 26.392005848115875 ], [ 88.983301556151915, 26.395647367361072 ], [ 88.984620425794915, 26.391012706503549 ] ] ], [ [ [ 89.016603014637724, 26.405578783484334 ], [ 89.011986970887222, 26.405247736280224 ], [ 89.014624710173223, 26.40922030272953 ], [ 89.016603014637724, 26.405578783484334 ] ] ], [ [ [ 88.967475120435878, 26.40888925552542 ], [ 88.965496815971377, 26.414517057995269 ], [ 88.968464272668143, 26.412530774770616 ], [ 88.967475120435878, 26.40888925552542 ] ] ], [ [ [ 88.990555339188433, 26.405909830688444 ], [ 88.986269012848666, 26.413523916382943 ], [ 88.992203926242183, 26.412530774770616 ], [ 88.990555339188433, 26.405909830688444 ] ] ], [ [ [ 88.984950143205666, 26.413854963587049 ], [ 88.982642121330414, 26.402930405851464 ], [ 88.971431729364895, 26.412199727566509 ], [ 88.984950143205666, 26.413854963587049 ] ] ], [ [ [ 88.969453424900394, 26.420806954873335 ], [ 88.973410033829396, 26.418158577240465 ], [ 88.966156250792878, 26.417827530036355 ], [ 88.969453424900394, 26.420806954873335 ] ] ], [ [ [ 88.950659532487606, 26.411868680362399 ], [ 88.949340662844605, 26.401275169830921 ], [ 88.950000097666106, 26.426765804547291 ], [ 88.950659532487606, 26.411868680362399 ] ] ], [ [ [ 88.967804837846643, 26.429083134976054 ], [ 88.965167098560627, 26.43173151260892 ], [ 88.968464272668143, 26.433717795833573 ], [ 88.967804837846643, 26.429083134976054 ] ] ], [ [ [ 88.977366642758398, 26.443980259160945 ], [ 88.978026077579898, 26.441000834323965 ], [ 88.976047773115397, 26.442325023140402 ], [ 88.977366642758398, 26.443980259160945 ] ] ], [ [ [ 88.76041258648452, 26.329768973743437 ], [ 88.76041258648452, 26.330100020947544 ], [ 88.76041258648452, 26.330100020947544 ], [ 88.758434282020005, 26.33440363460096 ], [ 88.749202194519, 26.355921702868024 ], [ 88.758434282020005, 26.373798251889895 ], [ 88.77195269586079, 26.395978414565178 ], [ 88.775579587379042, 26.396971556177505 ], [ 88.798989523542332, 26.377439771135091 ], [ 88.860316961941948, 26.391674800911765 ], [ 88.873835375782718, 26.405247736280224 ], [ 88.882078311051487, 26.440007692711639 ], [ 88.926590161502816, 26.45324958087599 ], [ 88.925601009270565, 26.453911675284207 ], [ 88.92296326998455, 26.45556691130475 ], [ 88.899223616410509, 26.470795082693751 ], [ 88.921644400341549, 26.463843091407469 ], [ 88.936811401236085, 26.470795082693751 ], [ 88.932854792307069, 26.500258283859427 ], [ 88.947032640969354, 26.501582472675864 ], [ 88.963848228917627, 26.524424729759364 ], [ 88.962199641863876, 26.538659759536039 ], [ 89.022208210620477, 26.515486455248428 ], [ 89.044628994551516, 26.529721485025103 ], [ 89.051882777588034, 26.534356145882626 ], [ 89.072984691876073, 26.533694051474406 ], [ 89.119474846791903, 26.522438446534711 ], [ 89.119474846791903, 26.524093682555254 ], [ 89.119804564202653, 26.524093682555254 ], [ 89.147830544116459, 26.518134832881298 ], [ 89.176186241441002, 26.501582472675864 ], [ 89.189045220460287, 26.510189699982689 ], [ 89.302797727169235, 26.48138859322523 ], [ 89.354563360657082, 26.494630481389578 ], [ 89.391491710661143, 26.462518902591032 ], [ 89.434684691469471, 26.467484610652662 ], [ 89.451170562007007, 26.487678490103296 ], [ 89.49238523835082, 26.477747073980034 ], [ 89.501617325851839, 26.464836233019795 ], [ 89.524038109782879, 26.473774507530727 ], [ 89.539534828088165, 26.45821528893762 ], [ 89.536897088802149, 26.442325023140402 ], [ 89.556680133447188, 26.43007627658838 ], [ 89.546129176303168, 26.416172294015812 ], [ 89.561296177197704, 26.410544491545963 ], [ 89.569868829877208, 26.418820671648682 ], [ 89.561625894608454, 26.428421040567834 ], [ 89.581738656664228, 26.43007627658838 ], [ 89.616688702203803, 26.398957839402158 ], [ 89.622623615597306, 26.423124285302094 ], [ 89.648011856225096, 26.423124285302094 ], [ 89.658562813369116, 26.440338739915749 ], [ 89.697139750426942, 26.427427898955507 ], [ 89.7281331870375, 26.445304447977378 ], [ 89.747256796861024, 26.440338739915749 ], [ 89.749235101325539, 26.464836233019795 ], [ 89.823751236155161, 26.459870524958163 ], [ 89.82177293169066, 26.470795082693751 ], [ 89.8455125852647, 26.470132988285535 ], [ 89.859690433926986, 26.466160421836229 ], [ 89.847820607139965, 26.451925392059554 ], [ 89.853096085711968, 26.445635495181488 ], [ 89.827707845084177, 26.448614920018468 ], [ 89.820454062047659, 26.434048843037683 ], [ 89.834961628120681, 26.43173151260892 ], [ 89.825729540619676, 26.422131143689768 ], [ 89.83463191070993, 26.414517057995269 ], [ 89.83463191070993, 26.414517057995269 ], [ 89.828037562494927, 26.394654225748745 ], [ 89.837929084817446, 26.391343753707659 ], [ 89.8461720200862, 26.404916689076117 ], [ 89.85639325981947, 26.384391762421373 ], [ 89.824740388387426, 26.381743384788507 ], [ 89.820454062047659, 26.352611230826938 ], [ 89.81122197454664, 26.360556363725546 ], [ 89.820454062047659, 26.373136157481678 ], [ 89.780887972757597, 26.352942278031048 ], [ 89.782536559811348, 26.332748398580414 ], [ 89.76308323257706, 26.316527085579089 ], [ 89.750553970968539, 26.321492793640719 ], [ 89.757148319183543, 26.288719120433953 ], [ 89.726814317394499, 26.294346922903802 ], [ 89.719890251768732, 26.306926716659934 ], [ 89.71758222989348, 26.295671111720239 ], [ 89.738354426770769, 26.269849429799759 ], [ 89.719560534357981, 26.257269636043628 ], [ 89.707031272749461, 26.270511524207976 ], [ 89.702415228998944, 26.259255919268277 ], [ 89.71692279507198, 26.256938588839517 ], [ 89.732089795966502, 26.236744709388887 ], [ 89.700436924534444, 26.21787501875469 ], [ 89.734068100431003, 26.209929885856081 ], [ 89.711647316499963, 26.202315800161578 ], [ 89.720549686590232, 26.195363808875296 ], [ 89.713295903553714, 26.187087628772577 ], [ 89.698458620069943, 26.190729148017773 ], [ 89.709669012035462, 26.171859457383576 ], [ 89.736705839717004, 26.172190504587686 ], [ 89.713625620964464, 26.168217938138383 ], [ 89.701426076766694, 26.151334530728835 ], [ 89.680653879889405, 26.16556956050551 ], [ 89.702085511588194, 26.173514693404123 ], [ 89.686918510693673, 26.181128779098621 ], [ 89.686259075872172, 26.197681139304059 ], [ 89.672740662031401, 26.200660564141035 ], [ 89.691204837033425, 26.211254074672514 ], [ 89.679335010246405, 26.21489559391771 ], [ 89.679005292835654, 26.223833868428645 ], [ 89.689226532568924, 26.220854443591669 ], [ 89.685599641050672, 26.230785859714928 ], [ 89.678675575424904, 26.23839994540943 ], [ 89.671751509799151, 26.219530254775233 ], [ 89.660870835244381, 26.218868160367016 ], [ 89.634163724973575, 26.229461670898495 ], [ 89.632185420509074, 26.209267791447864 ], [ 89.649990160689612, 26.190067053609557 ], [ 89.642076942831594, 26.185101345547928 ], [ 89.630207116044573, 26.196025903283513 ], [ 89.627569376758572, 26.183777156731491 ], [ 89.658562813369116, 26.176163071036989 ], [ 89.646033551760596, 26.164245371689077 ], [ 89.632515137919825, 26.180797731894511 ], [ 89.624601920061806, 26.171197362975359 ], [ 89.623612767829556, 26.179142495873968 ], [ 89.607456614702784, 26.179142495873968 ], [ 89.619326441489804, 26.167555843730163 ], [ 89.608775484345784, 26.153320813953489 ], [ 89.590970744165247, 26.157624427606901 ], [ 89.596246222737264, 26.134782170523401 ], [ 89.604159440595268, 26.11690562150153 ], [ 89.625261354883307, 26.128161226441225 ], [ 89.630207116044573, 26.117567715909747 ], [ 89.615699549971538, 26.106312110970052 ], [ 89.597565092380265, 26.112270960644008 ], [ 89.593608483451249, 26.101677450112529 ], [ 89.608445766935034, 26.088104514744071 ], [ 89.613721245507037, 26.102670591724856 ], [ 89.629547681223073, 26.106643158174158 ], [ 89.639439203545592, 26.090421845172834 ], [ 89.633834007562825, 26.080159381845462 ], [ 89.649990160689612, 26.063607021640024 ], [ 89.620645311132805, 26.053344558312656 ], [ 89.605148592827533, 26.063938068844134 ], [ 89.613061810685537, 26.053013511108546 ], [ 89.578441482556727, 26.026198687575739 ], [ 89.586024983003995, 25.975217418142996 ], [ 89.569868829877208, 25.966941238040278 ], [ 89.566241938358957, 25.979521031796409 ], [ 89.555361263804187, 25.964623907611518 ], [ 89.53887539326665, 25.972900087714237 ], [ 89.536237653980649, 25.989121400715565 ], [ 89.54909663299992, 25.99739758081828 ], [ 89.540853697731166, 26.005673760920999 ], [ 89.462710671383277, 25.9980596752265 ], [ 89.427101191022203, 26.013618893819608 ], [ 89.434025256647971, 26.030833348433262 ], [ 89.423804016914701, 26.04672361423048 ], [ 89.389513406196642, 26.021895073922327 ], [ 89.393470015125644, 26.007991091349762 ], [ 89.349287882085065, 26.010308421778522 ], [ 89.323899641457274, 26.038116386923654 ], [ 89.300489705293984, 26.050696180679786 ], [ 89.279387791005945, 26.049040944659243 ], [ 89.280047225827445, 26.066586446477004 ], [ 89.254329267788904, 26.064600163252351 ], [ 89.265539659754424, 26.092739175601594 ], [ 89.252021245913639, 26.091746033989267 ], [ 89.229600461982599, 26.123857612787813 ], [ 89.192342394567788, 26.123857612787813 ], [ 89.155084327152977, 26.138754736972704 ], [ 89.14848997893796, 26.158286522015118 ], [ 89.157392349028228, 26.16325223007675 ], [ 89.134641847686439, 26.180466684690405 ], [ 89.14947913117021, 26.209267791447864 ], [ 89.140906478490692, 26.236082614980667 ], [ 89.119804564202653, 26.252634975186105 ], [ 89.12508004277467, 26.263559532921693 ], [ 89.100021519557629, 26.279780845923021 ], [ 89.104637563308131, 26.315864991170869 ], [ 89.120793716434903, 26.287063884413413 ], [ 89.132333825811173, 26.300305772577758 ], [ 89.116837107505901, 26.314540802354436 ], [ 89.130685238757422, 26.309575094292803 ], [ 89.136290434740189, 26.320168604824282 ], [ 89.112550781166149, 26.318513368803739 ], [ 89.096724345450113, 26.329437926539327 ], [ 89.083535649020092, 26.322485935253045 ], [ 89.101340389200629, 26.33672096502972 ], [ 89.098372932503864, 26.359232174909113 ], [ 89.07990875750184, 26.36287369415431 ], [ 89.096394628039363, 26.390681659299439 ], [ 89.062763452142804, 26.400944122626811 ], [ 89.034078037407511, 26.395316320156962 ], [ 89.006052057493704, 26.421469049281551 ], [ 88.993852513295934, 26.423124285302094 ], [ 88.994182230706684, 26.413192869178832 ], [ 88.980663816865913, 26.425772662934964 ], [ 88.983301556151915, 26.446959683997925 ], [ 88.964837381149877, 26.45821528893762 ], [ 88.946043488737104, 26.448283872814358 ], [ 88.945054336504839, 26.426103710139074 ], [ 88.926260444092065, 26.43239360701714 ], [ 88.932854792307069, 26.427758946159617 ], [ 88.92296326998455, 26.423786379710315 ], [ 88.926260444092065, 26.406902972300767 ], [ 88.904828812393276, 26.40888925552542 ], [ 88.918347226234047, 26.400282028218594 ], [ 88.909115138733029, 26.38041919597207 ], [ 88.921314682930799, 26.377439771135091 ], [ 88.910763725786779, 26.368170449420049 ], [ 88.936811401236085, 26.35691484448035 ], [ 88.958572750345624, 26.361880552541983 ], [ 88.946373206147854, 26.346652381152982 ], [ 88.958902467756374, 26.344004003520112 ], [ 88.955935011059609, 26.330431068151654 ], [ 88.961210489631625, 26.352611230826938 ], [ 88.986269012848666, 26.348969711581741 ], [ 88.985279860616416, 26.333079445784524 ], [ 89.000776578921688, 26.330431068151654 ], [ 88.991544491420683, 26.322485935253045 ], [ 88.996819969992686, 26.313878707946216 ], [ 88.984950143205666, 26.318513368803739 ], [ 88.982642121330414, 26.310237188701024 ], [ 88.997479404814186, 26.299974725373652 ], [ 88.995830817760435, 26.2903743564545 ], [ 89.007370927136705, 26.304609386231174 ], [ 89.018581319102225, 26.29004330925039 ], [ 89.021548775798976, 26.309244047088697 ], [ 89.019570471334475, 26.29004330925039 ], [ 89.041002103033264, 26.286070742801087 ], [ 89.044958711962281, 26.275477232269608 ], [ 89.050563907945033, 26.288719120433953 ], [ 89.041331820444015, 26.29004330925039 ], [ 89.059136560624552, 26.293684828495586 ], [ 89.062433734732053, 26.278787704310695 ], [ 89.054190799463285, 26.277463515494258 ], [ 89.062763452142804, 26.255945447227191 ], [ 89.051223342766534, 26.255283352818974 ], [ 89.050893625355783, 26.241379370246406 ], [ 88.982312403919664, 26.244689842287496 ], [ 88.953626989184357, 26.264883721738126 ], [ 88.978685512401398, 26.244358795083386 ], [ 88.956924163291859, 26.240386228634083 ], [ 88.926260444092065, 26.284084459576434 ], [ 88.898234464178259, 26.288719120433953 ], [ 88.875813680247219, 26.286732837209303 ], [ 88.861306114174198, 26.272828854636735 ], [ 88.861306114174198, 26.251972880777888 ], [ 88.878451419533221, 26.233434237347801 ], [ 88.84284193917216, 26.230785859714928 ], [ 88.812837654793853, 26.255614400023084 ], [ 88.81910228559812, 26.294677970107912 ], [ 88.793384327559579, 26.310237188701024 ], [ 88.76008286907377, 26.300636819781868 ], [ 88.76041258648452, 26.329768973743437 ] ] ] ] } },
{ "type": "Feature", "properties": { "id": null, "dt_code": "330", "district": "Uttar Dinajpur", "st_nm": "West Bengal", "st_code": "19", "year": "2011_c" }, "geometry": { "type": "Polygon", "coordinates": [ [ [ 88.333428539562505, 26.497278859022448 ], [ 88.350573844921527, 26.448614920018468 ], [ 88.360795084654796, 26.45523586410064 ], [ 88.360795084654796, 26.484699065266316 ], [ 88.372664911441817, 26.489333726123839 ], [ 88.387502194925602, 26.479733357204687 ], [ 88.402998913230874, 26.487016395695079 ], [ 88.41849563153616, 26.466491469040339 ], [ 88.426738566804914, 26.474105554734837 ], [ 88.484439113686278, 26.461194713774596 ], [ 88.478833917703511, 26.45258748646777 ], [ 88.495649505651798, 26.437359315078769 ], [ 88.48872544002603, 26.431069418200703 ], [ 88.501584419045301, 26.418489624444575 ], [ 88.495319788241034, 26.410213444341856 ], [ 88.517740572172087, 26.390681659299439 ], [ 88.51180565877857, 26.377439771135091 ], [ 88.52400520297634, 26.375122440706331 ], [ 88.514443398064572, 26.365191024583069 ], [ 88.522026898511839, 26.360556363725546 ], [ 88.503892440920552, 26.348969711581741 ], [ 88.507189615028068, 26.36287369415431 ], [ 88.48839572261528, 26.360556363725546 ], [ 88.483779678864764, 26.349631805989958 ], [ 88.462348047165989, 26.35757693888857 ], [ 88.456413133772472, 26.377108723930984 ], [ 88.434981502073683, 26.335727823417393 ], [ 88.402669195820124, 26.330100020947544 ], [ 88.414868740017894, 26.316527085579089 ], [ 88.384205020818086, 26.313878707946216 ], [ 88.348595540457026, 26.282098176351781 ], [ 88.347276670814026, 26.253628116798431 ], [ 88.359146497601046, 26.242372511858733 ], [ 88.350903562332277, 26.221516537999886 ], [ 88.319910125721734, 26.203308941773905 ], [ 88.290565276164926, 26.202646847365688 ], [ 88.27506855785964, 26.188080770384904 ], [ 88.242096816784581, 26.189736006405447 ], [ 88.22692981589006, 26.169542126954816 ], [ 88.196595814101002, 26.164245371689077 ], [ 88.194947227047251, 26.152327672341162 ], [ 88.178791073920479, 26.149679294708292 ], [ 88.178461356509729, 26.124188659991923 ], [ 88.15834859445394, 26.098366978071439 ], [ 88.164942942668944, 26.087442420335854 ], [ 88.15768915963244, 26.079497287437245 ], [ 88.182088248027981, 26.073538437763286 ], [ 88.178461356509729, 26.046392567026373 ], [ 88.16824011677646, 26.04440628380172 ], [ 88.182088248027981, 26.026529734779849 ], [ 88.139554702041153, 26.013949941023718 ], [ 88.143841028380905, 26.003025383288129 ], [ 88.129333462307883, 25.997066533614174 ], [ 88.113836744002612, 25.958665057937562 ], [ 88.121090527039115, 25.948071547406084 ], [ 88.11053956989511, 25.932512328812972 ], [ 88.093064547125323, 25.930194998384213 ], [ 88.086470198910305, 25.913642638178775 ], [ 88.094383416768324, 25.909007977321252 ], [ 88.089437655607071, 25.896759230769231 ], [ 88.102296634626342, 25.889807239482948 ], [ 88.093723981946823, 25.873916973685731 ], [ 88.101966917215591, 25.861668227133705 ], [ 88.110209852484346, 25.867627076807665 ], [ 88.101637199804841, 25.82955664833516 ], [ 88.120101374806865, 25.812673240925616 ], [ 88.115155613645612, 25.798769258353051 ], [ 88.144500463202419, 25.794134597495528 ], [ 88.151094811417423, 25.775927001269547 ], [ 88.184396269903232, 25.802410777598247 ], [ 88.209784510531037, 25.787844700617462 ], [ 88.21604914133529, 25.800755541577701 ], [ 88.230556707408311, 25.796782975128398 ], [ 88.24011851232008, 25.810686957700966 ], [ 88.261550144018869, 25.813666382537942 ], [ 88.27506855785964, 25.792810408679095 ], [ 88.267485057412387, 25.782216898147613 ], [ 88.316283234203468, 25.752753696981937 ], [ 88.321228995364734, 25.73719447838883 ], [ 88.374313498495582, 25.716007457325869 ], [ 88.372335194031066, 25.696144625079349 ], [ 88.404317782873875, 25.684557972935544 ], [ 88.402339478409374, 25.671978179179412 ], [ 88.454764546718721, 25.6640330462808 ], [ 88.456413133772472, 25.628279948237058 ], [ 88.446191894039202, 25.61503806007271 ], [ 88.446191894039202, 25.595175227826189 ], [ 88.446191894039202, 25.58921637815223 ], [ 88.423441392697413, 25.587230094927577 ], [ 88.413549870374894, 25.593851039009753 ], [ 88.419814501179161, 25.604444549541231 ], [ 88.401020608766373, 25.606761879969994 ], [ 88.391129086443854, 25.595506275030296 ], [ 88.368378585102064, 25.59219580298921 ], [ 88.359146497601046, 25.566705168272836 ], [ 88.335077126616255, 25.554125374516708 ], [ 88.325515321704486, 25.559422129782448 ], [ 88.322877582418485, 25.534924636678401 ], [ 88.288916689111176, 25.51439971002366 ], [ 88.278036014556406, 25.491557452940157 ], [ 88.256604382857617, 25.483281272837441 ], [ 88.256934100268367, 25.478646611979919 ], [ 88.264187883304871, 25.464411582203244 ], [ 88.26220957884037, 25.433955239425242 ], [ 88.217697728389041, 25.441238277915634 ], [ 88.195606661868752, 25.425679059322523 ], [ 88.166261812311959, 25.426672200934849 ], [ 88.172856160526962, 25.385291300421258 ], [ 88.186374574367733, 25.376021978706216 ], [ 88.163294355615193, 25.369069987419934 ], [ 88.178131639098979, 25.344572494315887 ], [ 88.171537290883961, 25.326364898089906 ], [ 88.196925531511752, 25.329675370130992 ], [ 88.213081684638539, 25.331992700559756 ], [ 88.21637885874604, 25.332323747763866 ], [ 88.22791896812231, 25.319743954007734 ], [ 88.256934100268367, 25.317426623578971 ], [ 88.267485057412387, 25.304184735414623 ], [ 88.268474209644637, 25.30286054659819 ], [ 88.267485057412387, 25.30219845218997 ], [ 88.236491620801829, 25.295246460903687 ], [ 88.238140207855579, 25.305839971435166 ], [ 88.214730271692289, 25.313454057129668 ], [ 88.190990618118249, 25.281011431127013 ], [ 88.161645768561442, 25.304515782618733 ], [ 88.160986333739942, 25.304184735414623 ], [ 88.14548961543467, 25.29723274412834 ], [ 88.139554702041153, 25.277038864677706 ], [ 88.150435376595922, 25.272073156616077 ], [ 88.126695723021882, 25.243934144266834 ], [ 88.121420244449865, 25.271411062207861 ], [ 88.099329177929576, 25.275052581453057 ], [ 88.109220700252095, 25.285315044780425 ], [ 88.102296634626342, 25.289618658433838 ], [ 88.126366005611132, 25.298225885740667 ], [ 88.107901830609094, 25.326695945294016 ], [ 88.12273911409288, 25.365097420970628 ], [ 88.097680590875825, 25.383305017196605 ], [ 88.115485331056362, 25.407140415892435 ], [ 88.101307482394091, 25.404823085463676 ], [ 88.109550417662845, 25.417402879219804 ], [ 88.093394264536073, 25.42170649287322 ], [ 88.112847591770361, 25.435279428241675 ], [ 88.098999460518826, 25.431637908996478 ], [ 88.096691438643575, 25.443555608344393 ], [ 88.084162177035054, 25.44719712758959 ], [ 88.083502742213554, 25.448190269201916 ], [ 88.079216415873802, 25.458452732529288 ], [ 88.069324893551283, 25.525986362167465 ], [ 88.059763088639514, 25.526317409371572 ], [ 88.065038567211516, 25.531945211841421 ], [ 88.052179588192246, 25.549159666455076 ], [ 88.031407391314957, 25.554125374516708 ], [ 88.040309761405226, 25.573657159559119 ], [ 88.020856434170938, 25.570677734722143 ], [ 88.035364000243973, 25.580940198049511 ], [ 88.024483325689204, 25.582595434070058 ], [ 88.021515868992438, 25.596168369438512 ], [ 88.043606935512727, 25.610403399215187 ], [ 88.034374848011723, 25.630597278665821 ], [ 88.055147044888997, 25.644832308442496 ], [ 88.036023435065474, 25.648804874891802 ], [ 88.050531001138495, 25.653439535749321 ], [ 88.055147044888997, 25.691509964221826 ], [ 88.048882414084744, 25.702765569161521 ], [ 88.021186151581688, 25.696475672283455 ], [ 88.021515868992438, 25.71037965485602 ], [ 87.992500736846395, 25.726269920653241 ], [ 87.96777193104009, 25.725938873449131 ], [ 87.942053973001549, 25.774271765249004 ], [ 87.904466188175988, 25.772616529228461 ], [ 87.910401101569491, 25.80373496641468 ], [ 87.900179861836222, 25.807045438455766 ], [ 87.917654884606009, 25.816314760170812 ], [ 87.900179861836222, 25.823266751457094 ], [ 87.905785057818989, 25.830549789947487 ], [ 87.889299187281452, 25.82988769553927 ], [ 87.903477035943737, 25.833198167580356 ], [ 87.898531274782471, 25.838163875641989 ], [ 87.915676580141508, 25.853392047030987 ], [ 87.892266643978218, 25.865640793583012 ], [ 87.883034556477199, 25.859350896704946 ], [ 87.874791621208431, 25.868289171215881 ], [ 87.829620335935601, 25.871599643256967 ], [ 87.825334009595849, 25.910994260545905 ], [ 87.809837291290563, 25.911987402158232 ], [ 87.810826443522814, 25.92787766795545 ], [ 87.83951185825812, 25.933836517629409 ], [ 87.834566097096854, 25.946416311385541 ], [ 87.848084510937639, 25.969589615673151 ], [ 87.855338293974143, 26.035136962086675 ], [ 87.8863317305847, 26.043413142189394 ], [ 87.893585513621218, 26.063938068844134 ], [ 87.926557254696277, 26.083800901090658 ], [ 87.935129907375796, 26.064269116048244 ], [ 87.948978038627317, 26.059965502394832 ], [ 87.953594082377819, 26.075193673783829 ], [ 87.982279497113126, 26.07287634335507 ], [ 87.980960627470125, 26.084794042702985 ], [ 87.964145039521838, 26.095056506030353 ], [ 87.988873845328129, 26.105318969357725 ], [ 87.985576671220628, 26.117567715909747 ], [ 87.968761083272355, 26.11922295193029 ], [ 87.981949779702376, 26.127499132033009 ], [ 87.975025714076608, 26.14305835062612 ], [ 87.992500736846395, 26.151003483524729 ], [ 87.998435650239898, 26.13974787858503 ], [ 88.010305477026918, 26.14537568105488 ], [ 88.009316324794668, 26.160272805239771 ], [ 88.034704565422473, 26.179142495873968 ], [ 88.073281502480285, 26.175169929424662 ], [ 88.116474483288613, 26.223833868428645 ], [ 88.141862723916404, 26.226482246061515 ], [ 88.14581933284542, 26.250317644757345 ], [ 88.176483052045228, 26.253959164002538 ], [ 88.185715139546232, 26.270842571412082 ], [ 88.22758925071156, 26.28474655398465 ], [ 88.231216142229812, 26.301298914190085 ], [ 88.25033975205335, 26.311561377517457 ], [ 88.253307208750101, 26.33440363460096 ], [ 88.27440912303814, 26.331093162559871 ], [ 88.275727992681155, 26.332748398580414 ], [ 88.275398275270391, 26.331424209763981 ], [ 88.27506855785964, 26.331093162559871 ], [ 88.28528979759291, 26.329768973743437 ], [ 88.28561951500366, 26.347314475561198 ], [ 88.300456798487446, 26.350624947602284 ], [ 88.287597819468175, 26.357907986092677 ], [ 88.283311493128409, 26.378101865543307 ], [ 88.244734556070597, 26.375784535114548 ], [ 88.234183598926577, 26.391674800911765 ], [ 88.261220426608119, 26.419813813261008 ], [ 88.27341997080589, 26.418820671648682 ], [ 88.25099918687485, 26.433055701425356 ], [ 88.240777947141581, 26.45788424173351 ], [ 88.240448229730831, 26.458877383345836 ], [ 88.26352844848337, 26.486354301286859 ], [ 88.284960080182159, 26.48105754602112 ], [ 88.291554428397177, 26.491651056552598 ], [ 88.321888430186235, 26.497609906226558 ], [ 88.333428539562505, 26.497278859022448 ], [ 88.333428539562505, 26.497278859022448 ] ] ] } }
]
}
